Rk,Player,Pos,Age,Tm,G,GS,MP,FG,FGA,FG_Per,3P,3PA,3P_Per,2P,2PA,2P_Per,eFG_Per,FT,FTA,FT_Per,ORB,DRB,TRB,AST,STL,BLK,TOV,PF,PTS
1,Steven Adams\adamsst01,C,26,OKC,4,4,27.3,2.5,8.0,.313,0.0,0.0,,2.5,8.0,.313,.313,1.0,3.5,.286,3.5,8.3,11.8,1.5,0.5,0.8,1.3,2.5,6.0
2,Bam Adebayo\adebaba01,C,22,MIA,6,6,31.5,4.2,7.2,.581,0.2,0.7,.250,4.0,6.5,.615,.593,5.3,8.0,.667,2.2,6.8,9.0,5.2,1.3,1.7,2.8,3.0,13.8
3,LaMarcus Aldridge\aldrila01,C,34,SAS,6,6,32.3,6.0,13.5,.444,0.5,1.7,.300,5.5,11.8,.465,.463,4.0,4.7,.857,2.7,4.3,7.0,2.0,0.5,2.0,2.3,2.5,16.5
4,Nickeil Alexander-Walker\alexani01,SG,21,NOP,6,0,13.8,1.8,7.3,.250,0.8,3.7,.227,1.0,3.7,.273,.307,0.5,0.7,.750,0.3,2.3,2.7,3.3,0.5,0.0,0.7,1.8,5.0
5,Grayson Allen\allengr01,SG,24,MEM,5,0,16.8,2.2,7.0,.314,1.0,3.8,.263,1.2,3.2,.375,.386,2.0,2.4,.833,0.2,1.8,2.0,1.6,0.4,0.0,1.4,2.0,7.4
6,Jarrett Allen\allenja01,C,21,BRK,6,3,26.7,3.2,5.5,.576,0.0,0.0,,3.2,5.5,.576,.576,1.3,2.8,.471,3.3,6.3,9.7,1.0,0.3,1.5,1.3,1.8,7.7
7,Al-Farouq Aminu\aminual01,PF,29,ORL,6,0,23.8,1.3,4.7,.286,0.8,1.7,.500,0.5,3.0,.167,.375,0.7,1.3,.500,1.7,4.8,6.5,1.0,1.0,0.8,1.2,2.5,4.2
8,Kyle Anderson\anderky01,SF,26,MEM,5,0,20.2,2.8,5.4,.519,0.2,0.8,.250,2.6,4.6,.565,.537,1.4,2.4,.583,0.8,4.0,4.8,2.0,0.8,1.0,0.8,1.6,7.2
9,Ryan Anderson\anderry01,PF,31,HOU,2,0,7.0,1.0,3.5,.286,0.5,2.5,.200,0.5,1.0,.500,.357,0.0,0.0,,0.0,3.5,3.5,1.0,0.5,0.0,0.5,0.5,2.5
10,Giannis Antetokounmpo\antetgi01,PF,25,MIL,6,6,32.5,10.0,17.0,.588,0.7,3.3,.200,9.3,13.7,.683,.608,6.0,9.8,.610,1.5,12.3,13.8,7.7,1.3,1.8,4.3,4.2,26.7
11,Kostas Antetokounmpo\antetko01,PF,22,LAL,2,0,1.5,0.0,0.0,,0.0,0.0,,0.0,0.0,,,0.0,0.0,,0.0,0.5,0.5,0.0,0.0,0.0,0.0,0.0,0.0
12,Thanasis Antetokounmpo\antetth01,SF,27,MIL,1,0,6.0,1.0,2.0,.500,0.0,0.0,,1.0,2.0,.500,.500,0.0,0.0,,2.0,0.0,2.0,1.0,0.0,0.0,0.0,0.0,2.0
13,OG Anunoby\anunoog01,SF,22,TOR,6,6,34.2,5.0,9.0,.556,1.7,3.7,.455,3.3,5.3,.625,.648,0.2,0.5,.333,1.7,5.0,6.7,1.3,1.7,1.5,1.2,2.7,11.8
14,Ryan Arcidiacono\arcidry01,PG,25,CHI,7,0,15.6,1.3,3.0,.429,1.0,1.9,.538,0.3,1.1,.250,.595,0.9,1.0,.857,0.6,1.3,1.9,1.7,0.4,0.1,0.1,1.9,4.4
15,Trevor Ariza\arizatr01,SF,34,SAC,7,0,23.9,1.3,4.0,.321,1.0,3.0,.333,0.3,1.0,.286,.446,0.3,0.3,1.000,0.4,3.9,4.3,1.0,0.6,0.0,0.3,1.3,3.9
16,D.J. Augustin\augusdj01,PG,32,ORL,6,5,25.0,3.0,7.7,.391,0.5,2.0,.250,2.5,5.7,.441,.424,1.2,1.5,.778,0.5,1.2,1.7,4.3,0.2,0.0,0.8,0.7,7.7
17,Deandre Ayton\aytonde01,C,21,PHO,1,1,33.0,9.0,14.0,.643,0.0,0.0,,9.0,14.0,.643,.643,0.0,0.0,,3.0,8.0,11.0,0.0,1.0,4.0,0.0,2.0,18.0
18,Dwayne Bacon\bacondw01,SG,24,CHO,6,6,29.2,5.0,13.7,.366,0.8,3.7,.227,4.2,10.0,.417,.396,2.2,3.0,.722,1.0,3.5,4.5,2.0,1.0,0.0,1.5,2.7,13.0
19,Marvin Bagley\baglema01,PF,20,SAC,1,1,28.0,6.0,16.0,.375,0.0,0.0,,6.0,16.0,.375,.375,2.0,4.0,.500,4.0,6.0,10.0,0.0,1.0,1.0,1.0,1.0,14.0
20,Lonzo Ball\balllo01,PG,22,NOP,6,6,31.5,4.3,10.7,.406,2.3,6.2,.378,2.0,4.5,.444,.516,1.0,1.7,.600,0.7,4.3,5.0,7.3,1.8,0.2,2.2,2.2,12.0
21,Mo Bamba\bambamo01,C,21,ORL,5,0,13.0,2.0,5.0,.400,0.6,1.8,.333,1.4,3.2,.438,.460,0.2,0.4,.500,0.8,3.8,4.6,0.4,0.2,0.4,0.8,2.2,4.8
22,Harrison Barnes\barneha02,SF,27,SAC,7,7,32.7,5.7,11.6,.494,1.1,3.4,.333,4.6,8.1,.561,.543,1.4,1.9,.769,1.4,4.1,5.6,1.1,1.4,0.1,1.0,1.3,14.0
23,RJ Barrett\barrerj01,SG,19,NYK,7,7,37.1,7.0,16.1,.434,1.4,4.0,.357,5.6,12.1,.459,.478,2.9,6.0,.476,1.7,4.6,6.3,3.3,1.3,0.4,2.9,2.6,18.3
24,Will Barton\bartowi01,SG,29,DEN,4,4,29.5,4.3,11.0,.386,1.5,3.5,.429,2.8,7.5,.367,.455,4.0,4.8,.842,2.3,4.0,6.3,1.5,1.3,1.0,1.3,1.3,14.0
25,Nicolas Batum\batumni01,SF,31,CHO,1,0,11.0,0.0,0.0,,0.0,0.0,,0.0,0.0,,,0.0,0.0,,1.0,3.0,4.0,2.0,0.0,0.0,2.0,2.0,0.0
26,Aron Baynes\baynear01,C,33,PHO,6,5,23.2,5.2,9.0,.574,2.0,4.3,.462,3.2,4.7,.679,.685,2.7,3.5,.762,2.0,3.7,5.7,3.2,0.3,0.8,1.2,4.3,15.0
27,Kent Bazemore\bazemke01,SF,30,POR,6,0,24.8,2.8,7.5,.378,1.0,2.7,.375,1.8,4.8,.379,.444,1.3,2.2,.615,0.3,4.5,4.8,1.3,1.2,1.2,1.5,4.3,8.0
28,Darius Bazley\bazleda01,PF,19,OKC,6,0,17.3,1.7,3.5,.476,0.8,1.8,.455,0.8,1.7,.500,.595,0.8,1.0,.833,0.3,3.5,3.8,0.5,0.2,0.3,1.5,0.8,5.0
29,Bradley Beal\bealbr01,SG,26,WAS,5,5,34.6,8.8,22.2,.396,3.4,10.0,.340,5.4,12.2,.443,.473,6.4,7.8,.821,0.6,4.0,4.6,6.4,1.6,0.4,3.8,2.8,27.4
30,Malik Beasley\beaslma01,SG,23,DEN,6,0,19.5,3.2,8.7,.365,1.8,4.3,.423,1.3,4.3,.308,.471,0.5,0.5,1.000,0.3,1.2,1.5,0.8,1.0,0.2,1.3,1.8,8.7
31,Marco Belinelli\belinma01,SG,33,SAS,6,0,17.0,1.5,5.0,.300,0.5,2.7,.188,1.0,2.3,.429,.350,0.8,1.2,.714,0.0,1.0,1.0,1.3,0.3,0.0,0.7,0.8,4.3
32,Jordan Bell\belljo01,PF,25,MIN,3,0,9.3,1.7,2.3,.714,0.0,0.0,,1.7,2.3,.714,.714,0.3,0.3,1.000,1.0,3.3,4.3,0.7,0.0,0.3,2.3,1.0,3.7
33,DeAndre' Bembry\bembrde01,SG,25,ATL,5,0,25.0,4.6,7.8,.590,0.2,1.0,.200,4.4,6.8,.647,.603,0.8,2.4,.333,1.8,3.0,4.8,3.6,1.4,0.0,1.2,1.6,10.2
34,Dāvis Bertāns\bertada01,PF,27,WAS,5,0,28.6,4.6,9.4,.489,3.6,7.2,.500,1.0,2.2,.455,.681,1.6,1.8,.889,0.0,3.0,3.0,1.4,0.4,0.2,0.8,2.8,14.4
35,Patrick Beverley\beverpa01,PG,31,LAC,7,7,30.1,2.6,7.9,.327,0.6,4.4,.129,2.0,3.4,.583,.364,0.4,0.9,.500,1.1,4.9,6.0,3.1,1.7,0.3,1.7,3.3,6.1
36,Khem Birch\birchkh01,C,27,ORL,2,0,13.5,0.0,1.5,.000,0.0,0.5,.000,0.0,1.0,.000,.000,0.5,2.0,.250,1.0,2.0,3.0,0.5,0.5,0.0,0.0,0.5,0.5
37,Goga Bitadze\bitadgo01,C,20,IND,4,1,14.3,2.0,4.0,.500,0.5,1.0,.500,1.5,3.0,.500,.563,0.8,1.0,.750,1.0,2.8,3.8,1.0,0.0,2.3,0.8,2.8,5.3
38,Bismack Biyombo\biyombi01,C,27,CHO,4,1,11.0,1.8,2.3,.778,0.0,0.0,,1.8,2.3,.778,.778,1.0,2.3,.444,0.5,1.5,2.0,1.5,0.0,0.3,1.0,1.8,4.5
39,Nemanja Bjelica\bjeline01,PF,31,SAC,7,6,25.0,3.6,6.6,.543,1.9,3.6,.520,1.7,3.0,.571,.685,0.3,0.3,1.000,1.4,4.0,5.4,2.3,1.0,0.4,1.1,2.4,9.3
40,Eric Bledsoe\bledser01,PG,30,MIL,6,6,25.8,4.8,11.8,.408,1.0,4.3,.231,3.8,7.5,.511,.451,1.7,2.7,.625,1.0,4.3,5.3,4.7,0.7,0.0,1.5,2.5,12.3
41,Bogdan Bogdanović\bogdabo01,SG,27,SAC,7,0,23.4,3.1,10.0,.314,1.9,6.1,.302,1.3,3.9,.333,.407,1.3,2.1,.600,0.1,2.3,2.4,3.1,0.9,0.0,1.1,2.3,9.4
42,Bojan Bogdanović\bogdabo02,SF,30,UTA,6,6,31.2,7.0,14.2,.494,3.0,6.7,.450,4.0,7.5,.533,.600,3.2,3.3,.950,0.2,4.0,4.2,1.8,1.0,0.5,2.8,3.0,20.2
43,Jonah Bolden\boldejo01,PF,24,PHI,1,0,2.0,1.0,1.0,1.000,0.0,0.0,,1.0,1.0,1.000,1.000,0.0,0.0,,0.0,0.0,0.0,0.0,1.0,0.0,0.0,0.0,2.0
44,Isaac Bonga\bongais01,SF,20,WAS,5,5,23.2,2.2,4.4,.500,0.2,0.8,.250,2.0,3.6,.556,.523,1.0,1.6,.625,1.0,3.2,4.2,2.2,1.2,0.2,0.8,3.8,5.6
45,Devin Booker\bookede01,SG,23,PHO,6,6,34.8,8.8,18.0,.491,2.7,5.7,.471,6.2,12.3,.500,.565,3.5,4.0,.875,0.3,3.2,3.5,5.3,0.5,0.3,3.5,4.2,23.8
46,Chris Boucher\bouchch01,PF,27,TOR,4,0,4.3,0.0,0.8,.000,0.0,0.3,.000,0.0,0.5,.000,.000,1.0,1.0,1.000,0.5,0.8,1.3,0.0,0.0,1.0,0.3,0.3,1.0
47,Ky Bowman\bowmaky01,PG,22,GSW,6,1,14.8,1.8,5.2,.355,0.5,1.5,.333,1.3,3.7,.364,.403,1.3,1.3,1.000,0.2,1.3,1.5,1.3,0.8,0.0,0.8,1.3,5.5
48,Avery Bradley\bradlav01,SG,29,LAL,6,6,27.8,4.5,8.7,.519,1.0,2.8,.353,3.5,5.8,.600,.577,0.7,1.0,.667,0.2,3.2,3.3,0.7,1.3,0.2,1.0,2.2,10.7
49,Tony Bradley\bradlto01,C,22,UTA,4,0,6.3,1.5,2.0,.750,0.0,0.0,,1.5,2.0,.750,.750,1.0,1.5,.667,0.8,1.5,2.3,0.0,0.0,0.5,0.5,0.8,4.0
50,Jarrell Brantley\brantja01,PF,23,UTA,1,0,5.0,0.0,0.0,,0.0,0.0,,0.0,0.0,,,0.0,0.0,,0.0,3.0,3.0,1.0,0.0,1.0,0.0,0.0,0.0
51,Ignas Brazdeikis\brazdig01,SF,21,NYK,1,0,4.0,1.0,2.0,.500,0.0,1.0,.000,1.0,1.0,1.000,.500,2.0,2.0,1.000,0.0,0.0,0.0,1.0,0.0,0.0,1.0,0.0,4.0
52,Mikal Bridges\bridgmi01,SF,23,PHO,6,0,18.7,1.8,3.5,.524,0.2,1.2,.143,1.7,2.3,.714,.548,0.7,1.0,.667,0.2,3.0,3.2,1.0,1.7,0.0,0.7,1.5,4.5
53,Miles Bridges\bridgmi02,SF,21,CHO,6,6,32.7,4.7,10.7,.438,1.7,4.7,.357,3.0,6.0,.500,.516,1.5,1.8,.818,1.5,3.5,5.0,2.2,0.3,0.7,2.5,2.0,12.5
54,Ryan Broekhoff\broekry01,SG,29,DAL,1,0,2.0,1.0,1.0,1.000,1.0,1.0,1.000,0.0,0.0,,1.500,0.0,0.0,,0.0,0.0,0.0,1.0,0.0,0.0,0.0,0.0,3.0
55,Malcolm Brogdon\brogdma01,PG,27,IND,6,6,33.7,7.7,16.3,.469,1.7,4.8,.345,6.0,11.5,.522,.520,5.5,5.7,.971,0.7,4.7,5.3,9.7,1.3,0.5,2.8,2.3,22.5
56,Dillon Brooks\brookdi01,SF,24,MEM,5,5,26.4,4.4,10.6,.415,1.8,4.0,.450,2.6,6.6,.394,.500,1.0,1.0,1.000,0.6,2.4,3.0,1.8,1.2,0.4,1.2,4.8,11.6
57,Bruce Brown\brownbr01,SG,23,DET,7,4,24.4,2.6,6.4,.400,0.4,1.6,.273,2.1,4.9,.441,.433,1.3,2.0,.643,0.3,3.6,3.9,1.6,0.7,0.1,2.3,3.4,6.9
58,Jaylen Brown\brownja02,SG,23,BOS,3,3,28.7,6.7,13.3,.500,1.3,4.7,.286,5.3,8.7,.615,.550,2.7,4.0,.667,0.3,6.3,6.7,2.0,0.7,1.0,1.3,3.7,17.3
59,Sterling Brown\brownst02,SG,24,MIL,4,0,10.3,1.8,3.0,.583,1.0,1.8,.571,0.8,1.3,.600,.750,0.5,0.8,.667,0.8,3.3,4.0,0.5,0.0,0.0,0.8,1.0,5.0
60,Troy Brown\browntr01,SG,20,WAS,2,0,19.5,3.5,5.5,.636,1.0,2.5,.400,2.5,3.0,.833,.727,1.0,1.0,1.000,1.5,2.5,4.0,1.0,1.5,0.5,0.5,1.5,9.0
61,Jalen Brunson\brunsja01,PG,23,DAL,6,3,23.3,3.5,8.7,.404,1.0,3.3,.300,2.5,5.3,.469,.462,1.2,2.3,.500,1.2,2.3,3.5,3.8,0.3,0.0,1.0,1.5,9.2
62,Thomas Bryant\bryanth01,C,22,WAS,5,5,29.4,4.6,10.4,.442,0.8,3.2,.250,3.8,7.2,.528,.481,2.2,2.8,.786,2.0,8.2,10.2,2.6,1.0,2.0,1.8,1.4,12.2
63,Alec Burks\burksal01,SG,28,GSW,3,0,19.3,2.7,6.0,.444,1.0,1.7,.600,1.7,4.3,.385,.528,0.7,0.7,1.000,0.0,2.0,2.0,1.7,0.0,0.3,0.7,1.3,7.0
64,Deonte Burton\burtode02,SG,26,OKC,4,0,5.3,0.5,1.3,.400,0.5,1.0,.500,0.0,0.3,.000,.600,0.0,0.0,,0.0,1.0,1.0,0.0,0.3,0.0,0.5,0.8,1.5
65,Jimmy Butler\butleji01,SF,30,MIA,3,3,31.0,4.7,12.0,.389,1.0,3.3,.300,3.7,8.7,.423,.431,4.3,6.7,.650,2.3,4.7,7.0,7.3,4.3,1.3,3.0,1.3,14.7
66,Bruno Caboclo\cabocbr01,SF,24,MEM,3,0,6.0,0.3,3.0,.111,0.0,1.0,.000,0.3,2.0,.167,.111,0.0,0.0,,0.7,1.0,1.7,0.0,0.3,0.7,0.3,0.7,0.7
67,Kentavious Caldwell-Pope\caldwke01,SG,26,LAL,6,0,24.0,2.7,7.0,.381,0.7,2.5,.267,2.0,4.5,.444,.429,0.7,0.8,.800,0.2,2.0,2.2,1.7,0.7,0.2,0.8,2.7,6.7
68,Vlatko Čančar\cancavl01,SF,22,DEN,1,0,2.0,0.0,0.0,,0.0,0.0,,0.0,0.0,,,0.0,0.0,,0.0,0.0,0.0,0.0,0.0,0.0,0.0,0.0,0.0
69,Clint Capela\capelca01,C,25,HOU,6,6,26.3,5.8,9.3,.625,0.0,0.0,,5.8,9.3,.625,.625,1.5,3.2,.474,1.5,6.5,8.0,1.0,1.2,1.7,1.5,3.2,13.2
70,DeMarre Carroll\carrode01,SF,33,SAS,2,0,11.0,1.0,2.0,.500,0.0,0.5,.000,1.0,1.5,.667,.500,1.0,1.0,1.000,0.5,1.0,1.5,1.5,0.0,0.5,0.5,2.0,3.0
71,Jevon Carter\carteje01,PG,24,PHO,6,1,20.5,2.2,5.5,.394,1.7,3.7,.455,0.5,1.8,.273,.545,0.7,0.7,1.000,0.2,2.0,2.2,2.8,1.0,0.2,2.2,2.7,6.7
72,Vince Carter\cartevi01,SF,43,ATL,5,0,13.6,1.4,4.6,.304,0.2,3.2,.063,1.2,1.4,.857,.326,0.0,0.0,,0.0,1.4,1.4,0.6,0.4,0.0,0.4,0.6,3.0
73,Wendell Carter\cartewe01,C,20,CHI,7,7,27.9,5.7,9.3,.615,0.1,0.9,.167,5.6,8.4,.661,.623,3.0,4.6,.656,3.1,6.3,9.4,0.9,0.4,1.0,1.3,4.0,14.6
74,Michael Carter-Williams\cartemi01,PG,28,ORL,4,0,13.0,1.0,3.3,.308,0.5,1.3,.400,0.5,2.0,.250,.385,0.0,0.0,,1.3,2.0,3.3,1.0,1.3,0.3,0.8,1.8,2.5
75,Alex Caruso\carusal01,SG,25,LAL,5,0,16.4,1.4,3.6,.389,0.4,1.4,.286,1.0,2.2,.455,.444,0.0,0.0,,0.0,1.4,1.4,1.6,1.4,0.6,1.8,1.2,3.2
76,Willie Cauley-Stein\caulewi01,C,26,GSW,3,2,17.0,4.0,6.3,.632,0.0,0.0,,4.0,6.3,.632,.632,0.7,0.7,1.000,0.7,5.3,6.0,1.0,0.7,0.7,0.0,2.7,8.7
77,Tyson Chandler\chandty01,C,37,HOU,6,0,6.8,1.2,1.3,.875,0.0,0.0,,1.2,1.3,.875,.875,0.0,0.2,.000,0.8,1.8,2.7,0.2,0.5,0.2,0.2,1.2,2.3
78,Chris Chiozza\chiozch01,PG,24,WAS,2,0,17.5,1.0,4.5,.222,1.0,2.0,.500,0.0,2.5,.000,.333,0.0,0.0,,0.0,2.0,2.0,3.5,1.0,1.0,1.5,3.0,3.0
79,Marquese Chriss\chrisma01,PF,22,GSW,5,1,14.6,1.6,3.6,.444,0.0,0.2,.000,1.6,3.4,.471,.444,2.0,2.4,.833,1.4,2.6,4.0,1.6,1.0,0.4,2.0,2.4,5.2
80,Brandon Clarke\clarkbr01,PF,23,MEM,5,0,23.0,5.2,9.0,.578,0.4,1.2,.333,4.8,7.8,.615,.600,0.8,1.0,.800,1.8,4.4,6.2,0.8,1.2,1.6,0.8,2.2,11.6
81,Jordan Clarkson\clarkjo01,SG,27,CLE,6,0,22.7,4.8,10.3,.468,1.8,5.2,.355,3.0,5.2,.581,.556,4.0,4.3,.923,0.2,1.0,1.2,2.5,1.0,0.3,1.2,1.0,15.5
82,Chris Clemons\clemoch01,PG,22,HOU,1,0,22.0,5.0,10.0,.500,4.0,9.0,.444,1.0,1.0,1.000,.700,2.0,2.0,1.000,2.0,1.0,3.0,1.0,0.0,1.0,2.0,3.0,16.0
83,John Collins\collijo01,PF,22,ATL,5,5,32.2,6.4,12.2,.525,1.8,3.8,.474,4.6,8.4,.548,.598,2.4,3.4,.706,2.0,6.8,8.8,1.6,1.0,2.0,1.4,3.4,17.0
84,Zach Collins\colliza01,PF,22,POR,3,3,28.7,3.0,6.3,.474,1.0,2.3,.429,2.0,4.0,.500,.553,2.0,2.0,1.000,1.3,2.7,4.0,2.0,0.0,0.7,2.0,3.7,9.0
85,Mike Conley\conlemi01,PG,32,UTA,7,7,29.0,3.9,12.1,.318,1.6,5.6,.282,2.3,6.6,.348,.382,3.1,3.9,.815,0.3,1.9,2.1,3.9,1.0,0.1,3.1,2.9,12.4
86,Pat Connaughton\connapa01,SG,27,MIL,5,0,17.6,2.8,7.0,.400,1.6,4.6,.348,1.2,2.4,.500,.514,0.2,0.2,1.000,0.0,2.4,2.4,1.8,0.2,0.6,0.0,1.4,7.4
87,Quinn Cook\cookqu01,PG,26,LAL,6,0,15.7,2.0,5.7,.353,0.5,2.3,.214,1.5,3.3,.450,.397,0.0,0.0,,0.2,1.2,1.3,2.3,0.2,0.0,0.7,0.7,4.5
88,Tyler Cook\cookty01,PF,22,CLE,3,0,1.7,0.7,1.0,.667,0.0,0.0,,0.7,1.0,.667,.667,0.0,0.0,,0.7,0.3,1.0,0.0,0.3,0.0,0.0,0.0,1.3
89,Robert Covington\covinro01,PF,29,MIN,5,5,24.8,4.4,9.6,.458,1.8,5.4,.333,2.6,4.2,.619,.552,1.6,1.8,.889,1.4,4.6,6.0,1.0,0.8,0.8,1.4,3.0,12.2
90,Torrey Craig\craigto01,SF,29,DEN,6,2,19.3,1.2,4.3,.269,0.3,2.2,.154,0.8,2.2,.385,.308,0.3,0.7,.500,1.0,3.3,4.3,0.8,0.5,1.3,0.5,2.3,3.0
91,Jae Crowder\crowdja01,SF,29,MEM,5,5,30.6,2.6,9.2,.283,1.6,7.0,.229,1.0,2.2,.455,.370,1.4,1.8,.778,1.2,4.8,6.0,3.0,0.4,0.4,1.2,2.0,8.2
92,Jarrett Culver\culveja01,SG,20,MIN,5,0,16.8,2.6,7.2,.361,1.0,3.6,.278,1.6,3.6,.444,.431,0.2,1.4,.143,0.6,1.2,1.8,0.8,0.8,0.0,2.0,1.6,6.4
93,Seth Curry\curryse01,SG,29,DAL,6,3,22.0,3.2,6.8,.463,1.8,4.3,.423,1.3,2.5,.533,.598,1.2,1.2,1.000,0.5,1.2,1.7,1.8,0.8,0.2,0.8,1.5,9.3
94,Stephen Curry\curryst01,PG,31,GSW,4,4,28.0,6.8,16.5,.409,2.3,9.3,.243,4.5,7.3,.621,.477,4.5,4.5,1.000,1.0,4.0,5.0,6.5,1.3,0.5,3.8,2.5,20.3
95,Troy Daniels\danietr01,SG,28,LAL,6,0,15.5,1.8,5.7,.324,1.2,4.3,.269,0.7,1.3,.500,.426,0.5,0.5,1.000,0.0,1.0,1.0,0.5,0.5,0.0,0.5,0.3,5.3
96,Anthony Davis\davisan02,PF,26,LAL,6,6,35.2,9.5,20.3,.467,0.7,3.0,.222,8.8,17.3,.510,.484,8.8,10.0,.883,2.8,8.7,11.5,2.7,1.0,3.0,3.0,2.5,28.5
97,Ed Davis\davised01,C,30,UTA,6,0,12.2,0.7,1.7,.400,0.0,0.0,,0.7,1.7,.400,.400,0.3,0.7,.500,1.5,3.7,5.2,0.2,0.2,0.5,0.8,2.3,1.7
98,Terence Davis\daviste02,SG,22,TOR,6,0,7.7,0.7,2.2,.308,0.3,1.0,.333,0.3,1.2,.286,.385,0.7,0.7,1.000,0.5,1.5,2.0,0.7,0.5,0.2,0.2,1.2,2.3
99,Dewayne Dedmon\dedmode01,C,30,SAC,7,4,18.0,2.0,5.6,.359,0.4,2.6,.167,1.6,3.0,.524,.397,0.7,0.7,1.000,2.0,3.6,5.6,0.7,0.4,0.9,2.4,3.3,5.1
100,Matthew Dellavedova\dellama01,PG,29,CLE,4,0,18.0,1.0,4.0,.250,0.0,2.8,.000,1.0,1.3,.800,.250,0.5,0.8,.667,0.5,0.8,1.3,2.5,0.8,0.0,1.0,2.0,2.5
101,DeMar DeRozan\derozde01,SG,30,SAS,6,6,33.3,7.7,15.5,.495,0.0,0.2,.000,7.7,15.3,.500,.495,5.0,6.7,.750,0.5,4.5,5.0,4.2,0.8,0.5,3.8,2.2,20.3
102,Cheick Diallo\diallch01,C,23,PHO,3,0,2.0,0.7,0.7,1.000,0.0,0.0,,0.7,0.7,1.000,1.000,0.7,0.7,1.000,0.0,0.0,0.0,0.0,0.0,0.0,0.7,0.7,2.0
103,Hamidou Diallo\diallha01,SG,21,OKC,6,0,20.2,4.2,9.0,.463,0.2,1.7,.100,4.0,7.3,.545,.472,1.5,2.7,.563,2.0,3.0,5.0,0.5,1.0,0.3,1.7,2.7,10.0
104,Gorgui Dieng\dienggo01,C,30,MIN,2,1,15.0,4.0,6.0,.667,1.0,2.0,.500,3.0,4.0,.750,.750,1.0,1.5,.667,0.5,4.5,5.0,0.5,1.0,1.5,1.5,1.0,10.0
105,Spencer Dinwiddie\dinwisp01,SG,26,BRK,6,0,24.5,4.7,12.0,.389,1.2,4.8,.241,3.5,7.2,.488,.438,4.7,6.0,.778,0.3,2.0,2.3,5.0,0.5,0.5,3.0,3.8,15.2
106,Donte DiVincenzo\divindo01,SG,23,MIL,3,0,13.7,2.7,6.3,.421,2.0,4.0,.500,0.7,2.3,.286,.579,0.0,0.0,,0.7,1.7,2.3,1.3,1.0,0.3,0.3,1.3,7.3
107,Luka Dončić\doncilu01,PG,20,DAL,6,6,35.5,8.7,18.7,.464,3.2,9.0,.352,5.5,9.7,.569,.549,6.2,7.7,.804,1.7,8.7,10.3,9.5,1.5,0.2,4.7,2.5,26.7
108,Damyean Dotson\dotsoda01,SG,25,NYK,3,0,7.0,0.3,0.7,.500,0.3,0.7,.500,0.0,0.0,,.750,0.7,1.0,.667,0.0,0.7,0.7,0.7,0.0,0.0,0.7,0.3,1.7
109,Goran Dragić\dragigo01,PG,33,MIA,6,0,27.3,4.8,10.3,.468,2.3,6.0,.389,2.5,4.3,.577,.581,4.2,5.8,.714,0.0,3.3,3.3,4.2,0.7,0.3,2.7,2.2,16.2
110,Andre Drummond\drumman01,C,26,DET,7,7,35.7,9.1,15.0,.610,0.0,0.7,.000,9.1,14.3,.640,.610,3.9,6.0,.643,4.6,14.1,18.7,2.4,1.7,2.6,4.0,4.1,22.1
111,Jared Dudley\dudleja01,SF,34,LAL,4,0,8.0,0.5,0.8,.667,0.5,0.5,1.000,0.0,0.3,.000,1.000,0.0,0.0,,0.0,0.5,0.5,0.3,0.3,0.0,0.0,1.3,1.5
112,Kris Dunn\dunnkr01,PG,25,CHI,7,0,20.7,2.1,6.0,.357,0.0,1.6,.000,2.1,4.4,.484,.357,0.4,0.9,.500,0.4,2.0,2.4,3.0,1.7,0.3,0.6,2.9,4.7
113,Carsen Edwards\edwarca01,PG,21,BOS,4,0,13.0,1.3,5.5,.227,0.5,3.3,.154,0.8,2.3,.333,.273,1.0,1.5,.667,0.5,1.0,1.5,1.0,0.5,0.0,0.0,0.8,4.0
114,Wayne Ellington\ellinwa01,SG,32,NYK,6,1,19.0,2.0,6.3,.316,1.7,5.7,.294,0.3,0.7,.500,.447,0.0,0.2,.000,0.0,2.2,2.2,1.2,0.3,0.2,1.0,1.3,5.7
115,Joel Embiid\embiijo01,C,25,PHI,3,3,25.3,8.0,15.7,.511,1.3,3.7,.364,6.7,12.0,.556,.553,6.0,7.3,.818,2.7,7.7,10.3,3.3,1.3,1.7,2.7,4.0,23.3
116,James Ennis\ennisja01,SF,29,PHI,5,0,16.0,1.8,3.8,.474,0.4,1.4,.286,1.4,2.4,.583,.526,2.0,2.4,.833,2.0,4.0,6.0,0.8,0.6,0.2,1.0,2.0,6.0
117,Drew Eubanks\eubandr01,PF,22,SAS,1,0,2.0,0.0,2.0,.000,0.0,0.0,,0.0,2.0,.000,.000,0.0,0.0,,2.0,1.0,3.0,0.0,0.0,0.0,1.0,1.0,0.0
118,Jacob Evans\evansja02,SG,22,GSW,3,0,14.3,1.7,4.0,.417,1.3,2.7,.500,0.3,1.3,.250,.583,1.3,1.3,1.000,0.3,1.3,1.7,0.7,0.0,0.0,0.3,0.7,6.0
119,Tacko Fall\fallta01,C,24,BOS,1,0,4.0,2.0,4.0,.500,0.0,0.0,,2.0,4.0,.500,.500,0.0,0.0,,0.0,3.0,3.0,0.0,0.0,0.0,1.0,2.0,4.0
120,Derrick Favors\favorde01,C,28,NOP,3,3,20.3,4.3,7.0,.619,0.0,0.3,.000,4.3,6.7,.650,.619,0.0,0.0,,2.3,4.0,6.3,2.0,0.3,0.3,2.3,3.0,8.7
121,Terrance Ferguson\fergute01,SG,21,OKC,6,6,22.3,1.0,2.7,.375,0.5,1.7,.300,0.5,1.0,.500,.469,0.3,0.3,1.000,0.7,1.5,2.2,1.0,0.5,0.3,0.8,2.7,2.8
122,Bruno Fernando\fernabr01,C,21,ATL,5,0,11.0,2.2,3.6,.611,0.4,1.0,.400,1.8,2.6,.692,.667,0.4,1.2,.333,1.2,1.8,3.0,1.2,0.2,0.6,0.6,1.4,5.2
123,Yogi Ferrell\ferreyo01,PG,26,SAC,4,0,5.3,1.0,2.5,.400,0.3,1.0,.250,0.8,1.5,.500,.450,0.8,1.0,.750,0.0,0.5,0.5,0.8,0.3,0.0,0.3,0.0,3.0
124,Dorian Finney-Smith\finnedo01,PF,26,DAL,6,3,26.8,3.0,6.7,.450,1.0,3.3,.300,2.0,3.3,.600,.525,1.7,2.5,.667,2.7,3.8,6.5,0.7,0.8,0.2,1.2,2.2,8.7
125,Bryn Forbes\forbebr01,SG,26,SAS,6,6,28.7,4.8,11.8,.408,2.5,7.0,.357,2.3,4.8,.483,.514,2.0,2.0,1.000,0.5,3.0,3.5,1.3,0.7,0.0,0.7,1.7,14.2
126,Evan Fournier\fournev01,SG,27,ORL,6,6,27.2,6.5,13.7,.476,1.8,5.7,.324,4.7,8.0,.583,.543,2.0,2.5,.800,0.2,3.0,3.2,2.8,0.7,0.2,2.3,1.7,16.8
127,De'Aaron Fox\foxde01,PG,22,SAC,7,7,32.1,6.0,14.6,.412,1.3,3.9,.333,4.7,10.7,.440,.456,5.3,7.3,.725,0.4,3.1,3.6,6.3,0.7,0.4,3.6,3.0,18.6
128,Melvin Frazier\frazime01,SG,23,ORL,1,0,6.0,1.0,5.0,.200,0.0,1.0,.000,1.0,4.0,.250,.200,0.0,0.0,,1.0,0.0,1.0,0.0,0.0,0.0,0.0,0.0,2.0
129,Tim Frazier\fraziti01,PG,29,DET,6,4,15.5,1.3,5.2,.258,0.5,1.7,.300,0.8,3.5,.238,.306,1.0,1.3,.750,0.3,0.8,1.2,3.3,0.8,0.0,1.0,2.3,4.2
130,Markelle Fultz\fultzma01,SG,21,ORL,6,1,23.2,4.2,8.8,.472,0.5,2.7,.188,3.7,6.2,.595,.500,0.8,1.2,.714,0.7,1.2,1.8,3.3,1.0,0.0,1.7,2.3,9.7
131,Wenyen Gabriel\gabriwe01,PF,22,SAC,5,0,6.8,0.6,2.4,.250,0.2,1.2,.167,0.4,1.2,.333,.292,0.8,1.4,.571,0.6,0.6,1.2,0.6,0.2,0.2,0.6,0.8,2.2
132,Daniel Gafford\gaffoda01,PF,21,CHI,1,0,2.0,0.0,0.0,,0.0,0.0,,0.0,0.0,,,0.0,0.0,,0.0,1.0,1.0,0.0,0.0,0.0,0.0,0.0,0.0
133,Danilo Gallinari\gallida01,PF,31,OKC,6,6,29.0,5.7,12.5,.453,2.8,6.5,.436,2.8,6.0,.472,.567,3.8,3.8,1.000,0.3,4.5,4.8,1.3,0.5,0.2,1.2,1.7,18.0
134,Langston Galloway\gallola01,SG,28,DET,7,0,23.6,2.7,7.1,.380,1.6,3.9,.407,1.1,3.3,.348,.490,2.7,3.0,.905,0.3,2.1,2.4,1.3,0.9,0.3,0.7,1.1,9.7
135,Darius Garland\garlada01,PG,20,CLE,6,6,26.8,3.2,10.2,.311,1.2,4.0,.292,2.0,6.2,.324,.369,0.7,1.0,.667,0.3,0.8,1.2,3.7,0.7,0.0,2.5,1.3,8.2
136,Marc Gasol\gasolma01,C,35,TOR,6,6,25.8,2.2,6.8,.317,1.2,3.2,.368,1.0,3.7,.273,.402,0.8,1.0,.833,1.0,6.5,7.5,2.2,0.0,0.3,1.3,3.5,6.3
137,Rudy Gay\gayru01,PF,33,SAS,6,0,23.0,4.3,9.0,.481,1.2,4.0,.292,3.2,5.0,.633,.546,1.8,2.5,.733,1.7,6.2,7.8,2.7,0.3,0.5,1.7,1.3,11.7
138,Taj Gibson\gibsota01,C,34,NYK,5,0,10.0,0.8,2.6,.308,0.0,0.6,.000,0.8,2.0,.400,.308,0.4,0.4,1.000,0.6,1.4,2.0,0.6,0.2,0.2,0.8,1.0,2.0
139,Shai Gilgeous-Alexander\gilgesh01,SG,21,OKC,6,6,35.0,7.8,17.0,.461,1.8,4.8,.379,6.0,12.2,.493,.515,4.3,6.2,.703,1.2,6.0,7.2,3.3,0.7,1.0,1.8,1.5,21.8
140,Rudy Gobert\goberru01,C,27,UTA,7,7,33.7,3.7,6.0,.619,0.0,0.0,,3.7,6.0,.619,.619,3.4,5.3,.649,1.9,10.1,12.0,0.9,1.0,1.0,2.9,3.3,10.9
141,Aaron Gordon\gordoaa01,PF,24,ORL,6,6,29.7,4.2,10.3,.403,1.2,3.5,.333,3.0,6.8,.439,.460,1.8,3.0,.611,1.8,4.5,6.3,3.0,0.8,0.7,1.0,2.3,11.3
142,Eric Gordon\gordoer01,SG,31,HOU,6,1,30.3,3.3,12.2,.274,1.8,8.5,.216,1.5,3.7,.409,.349,0.8,1.2,.714,0.3,0.8,1.2,0.8,0.7,0.2,0.7,2.0,9.3
143,Devonte' Graham\grahade01,PG,24,CHO,6,0,29.3,4.3,10.5,.413,2.8,6.0,.472,1.5,4.5,.333,.548,2.8,3.2,.895,0.7,3.2,3.8,6.8,0.2,0.2,2.7,1.7,14.3
144,Treveon Graham\grahatr01,SG,26,MIN,5,5,22.6,2.2,7.4,.297,0.4,2.8,.143,1.8,4.6,.391,.324,1.4,1.4,1.000,0.8,2.6,3.4,1.4,1.0,0.0,0.4,2.0,6.2
145,Jerami Grant\grantje01,PF,25,DEN,6,0,23.3,3.0,7.2,.419,0.7,3.2,.211,2.3,4.0,.583,.465,1.3,2.2,.615,1.0,2.2,3.2,0.8,0.3,0.3,1.3,2.0,8.0
146,Danny Green\greenda02,SG,32,LAL,6,6,27.3,4.0,8.5,.471,2.7,5.5,.485,1.3,3.0,.444,.627,0.5,0.8,.600,0.5,2.3,2.8,0.8,1.3,0.3,0.8,3.2,11.2
147,Draymond Green\greendr01,PF,29,GSW,5,5,28.8,3.6,8.4,.429,0.8,2.6,.308,2.8,5.8,.483,.476,1.4,2.0,.700,0.8,7.0,7.8,5.2,1.4,0.0,1.4,2.2,9.4
148,JaMychal Green\greenja01,PF,29,LAC,7,0,20.9,3.3,6.1,.535,2.4,4.4,.548,0.9,1.7,.500,.733,1.3,1.4,.900,1.0,3.9,4.9,0.3,0.3,0.3,0.6,3.1,10.3
149,Javonte Green\greenja02,SG,26,BOS,3,0,1.3,0.0,0.0,,0.0,0.0,,0.0,0.0,,,0.0,0.7,.000,0.0,0.3,0.3,0.3,0.0,0.0,0.0,0.0,0.0
150,Jeff Green\greenje02,PF,33,UTA,7,1,19.0,2.0,5.4,.368,1.4,3.1,.455,0.6,2.3,.250,.500,1.0,1.7,.583,0.0,1.6,1.6,0.6,0.7,0.4,1.0,1.6,6.4
151,Marko Guduric\gudurma01,SG,24,MEM,5,0,16.4,1.6,5.0,.320,0.2,2.4,.083,1.4,2.6,.538,.340,0.6,0.6,1.000,0.8,2.4,3.2,1.6,0.0,0.2,1.4,0.8,4.0
152,Rui Hachimura\hachiru01,SF,21,WAS,5,5,31.0,6.8,15.0,.453,0.6,2.6,.231,6.2,12.4,.500,.473,1.0,1.0,1.000,2.2,3.8,6.0,1.0,0.4,0.2,1.0,1.4,15.2
153,Tim Hardaway\hardati02,SG,27,DAL,6,0,22.8,3.3,9.0,.370,1.7,5.5,.303,1.7,3.5,.476,.463,1.7,2.0,.833,0.3,2.0,2.3,1.5,0.2,0.0,0.5,2.2,10.0
154,James Harden\hardeja01,SG,30,HOU,6,6,35.0,8.7,23.3,.371,2.8,13.2,.215,5.8,10.2,.574,.432,15.2,15.8,.958,1.0,3.3,4.3,7.7,0.8,0.3,5.7,3.8,35.3
155,Maurice Harkless\harklma01,PF,26,LAC,7,0,20.7,2.4,4.4,.548,0.4,1.3,.333,2.0,3.1,.636,.597,0.3,0.6,.500,0.6,2.4,3.0,0.9,1.6,0.4,0.9,3.9,5.6
156,Jared Harper\harpeja01,PG,22,PHO,1,0,2.0,0.0,1.0,.000,0.0,1.0,.000,0.0,0.0,,.000,0.0,0.0,,0.0,0.0,0.0,0.0,0.0,0.0,0.0,0.0,0.0
157,Montrezl Harrell\harremo01,C,26,LAC,7,0,28.0,7.6,10.3,.736,0.0,0.0,,7.6,10.3,.736,.736,4.1,6.3,.659,2.3,3.6,5.9,2.0,0.6,0.7,2.4,2.9,19.3
158,Gary Harris\harriga01,SG,25,DEN,6,6,32.5,4.5,10.7,.422,1.8,5.0,.367,2.7,5.7,.471,.508,1.8,2.3,.786,0.3,3.2,3.5,1.7,1.3,0.2,1.7,2.2,12.7
159,Joe Harris\harrijo01,SG,28,BRK,6,6,33.7,5.3,9.7,.552,3.3,5.8,.571,2.0,3.8,.522,.724,0.3,0.5,.667,0.8,3.0,3.8,1.5,0.8,0.2,1.8,2.8,14.3
160,Tobias Harris\harrito02,SF,27,PHI,5,5,36.2,7.6,14.4,.528,1.8,5.0,.360,5.8,9.4,.617,.590,2.6,3.2,.813,0.6,8.0,8.6,3.0,1.4,0.4,2.4,3.6,19.6
161,Shaquille Harrison\harrish01,PG,26,CHI,3,0,5.7,0.7,2.3,.286,0.0,0.0,,0.7,2.3,.286,.286,1.3,2.0,.667,0.0,1.3,1.3,0.3,0.0,0.3,0.0,0.7,2.7
162,Josh Hart\hartjo01,SF,24,NOP,6,2,29.3,4.5,9.7,.466,2.3,5.8,.400,2.2,3.8,.565,.586,2.2,2.3,.929,1.8,5.8,7.7,1.2,1.0,0.7,1.3,2.8,13.5
163,Jaxson Hayes\hayesja02,C,19,NOP,3,0,15.7,4.3,6.0,.722,0.0,0.3,.000,4.3,5.7,.765,.722,0.7,1.7,.400,1.7,1.7,3.3,1.3,0.7,0.3,0.3,4.0,9.3
164,Gordon Hayward\haywago01,SF,29,BOS,5,5,34.4,6.2,13.0,.477,2.0,3.6,.556,4.2,9.4,.447,.554,2.2,2.8,.786,0.8,6.8,7.6,3.6,0.8,0.2,2.4,2.2,16.6
165,John Henson\hensojo01,PF,29,CLE,1,0,8.0,1.0,2.0,.500,0.0,1.0,.000,1.0,1.0,1.000,.500,1.0,6.0,.167,2.0,1.0,3.0,0.0,2.0,2.0,1.0,0.0,3.0
166,Juan Hernangómez\hernaju01,PF,24,DEN,2,0,9.0,0.5,2.0,.250,0.5,1.5,.333,0.0,0.5,.000,.375,0.0,0.0,,0.0,0.0,0.0,0.0,0.0,0.5,0.0,0.0,1.5
167,Willy Hernangómez\hernawi01,C,25,CHO,2,0,11.0,1.5,3.0,.500,0.0,0.0,,1.5,3.0,.500,.500,0.0,0.0,,2.0,1.0,3.0,0.5,0.5,0.5,0.5,0.5,3.0
168,Tyler Herro\herroty01,SG,20,MIA,6,3,32.5,5.3,12.3,.432,2.0,5.5,.364,3.3,6.8,.488,.514,3.0,3.7,.818,0.3,5.7,6.0,2.8,0.8,0.0,2.2,1.7,15.7
169,Mario Hezonja\hezonma01,SF,24,POR,6,1,22.7,1.8,5.2,.355,0.7,2.0,.333,1.2,3.2,.368,.419,1.0,1.3,.750,0.5,6.2,6.7,1.2,0.8,0.3,1.0,2.5,5.3
170,Buddy Hield\hieldbu01,SG,27,SAC,7,7,30.7,6.4,15.9,.405,3.4,9.1,.375,3.0,6.7,.447,.514,0.9,1.1,.750,0.7,3.0,3.7,1.9,0.7,0.4,3.0,2.9,17.1
171,George Hill\hillge01,PG,33,MIL,6,0,23.5,3.8,6.7,.575,1.3,2.8,.471,2.5,3.8,.652,.675,1.0,1.7,.600,1.2,2.0,3.2,3.7,1.0,0.2,0.3,1.8,10.0
172,Solomon Hill\hillso01,SF,28,MEM,3,0,20.3,3.0,5.3,.563,1.3,2.7,.500,1.7,2.7,.625,.688,1.7,2.7,.625,1.0,3.7,4.7,1.7,1.0,0.3,2.0,1.7,9.0
173,Aaron Holiday\holidaa01,PG,23,IND,4,0,11.5,1.0,5.5,.182,0.8,1.8,.429,0.3,3.8,.067,.250,0.3,0.5,.500,0.0,1.0,1.0,1.8,1.0,0.0,0.8,1.3,3.0
174,Jrue Holiday\holidjr01,SG,29,NOP,4,4,35.3,5.3,14.5,.362,2.0,5.8,.348,3.3,8.8,.371,.431,1.5,2.0,.750,0.8,3.3,4.0,6.8,1.3,0.5,2.3,2.3,14.0
175,Justin Holiday\holidju01,SG,30,IND,6,0,22.8,2.2,5.8,.371,1.3,4.2,.320,0.8,1.7,.500,.486,0.0,0.0,,0.5,3.7,4.2,1.2,1.0,0.7,0.5,2.3,5.7
176,Rondae Hollis-Jefferson\holliro01,SF,25,TOR,1,0,4.0,0.0,0.0,,0.0,0.0,,0.0,0.0,,,1.0,2.0,.500,0.0,0.0,0.0,0.0,0.0,0.0,0.0,1.0,1.0
177,Richaun Holmes\holmeri01,C,26,SAC,7,3,23.7,5.0,7.3,.686,0.0,0.0,,5.0,7.3,.686,.686,1.4,2.0,.714,2.4,4.1,6.6,1.0,0.7,1.3,1.4,3.9,11.4
178,Rodney Hood\hoodro01,SF,27,POR,6,6,32.0,5.2,9.7,.534,2.3,4.5,.519,2.8,5.2,.548,.655,1.7,2.2,.769,0.5,3.3,3.8,0.5,1.2,0.7,1.2,2.3,14.3
179,Al Horford\horfoal01,PF,33,PHI,5,5,32.2,6.4,14.2,.451,1.2,4.4,.273,5.2,9.8,.531,.493,2.2,3.0,.733,2.6,5.6,8.2,4.2,0.8,1.2,0.8,4.0,16.2
180,Danuel House\houseda01,SF,26,HOU,6,5,28.8,3.8,8.0,.479,2.5,5.5,.455,1.3,2.5,.533,.635,2.0,2.5,.800,0.8,3.8,4.7,0.7,0.7,1.0,0.7,1.7,12.2
181,Dwight Howard\howardw01,C,34,LAL,6,0,21.3,3.2,4.0,.792,0.0,0.0,,3.2,4.0,.792,.792,0.5,1.3,.375,2.5,5.7,8.2,1.3,0.8,2.3,1.0,4.0,6.8
182,Kevin Huerter\huertke01,SG,21,ATL,5,1,20.0,2.0,6.0,.333,1.0,3.8,.263,1.0,2.2,.455,.417,1.2,1.4,.857,0.4,2.6,3.0,3.2,0.6,0.2,1.6,2.0,6.2
183,De'Andre Hunter\huntede01,SF,22,ATL,5,5,26.8,3.0,7.6,.395,0.8,3.2,.250,2.2,4.4,.500,.447,1.6,2.2,.727,0.4,3.6,4.0,1.0,0.8,0.4,2.2,2.0,8.4
184,Serge Ibaka\ibakase01,C,30,TOR,6,0,24.5,5.3,10.3,.516,0.7,2.0,.333,4.7,8.3,.560,.548,2.5,3.2,.789,1.0,5.7,6.7,0.7,0.5,1.7,2.5,2.7,13.8
185,Ersan İlyasova\ilyaser01,PF,32,MIL,6,0,19.0,2.8,6.2,.459,1.2,3.2,.368,1.7,3.0,.556,.554,1.3,1.7,.800,1.2,5.5,6.7,0.7,0.7,0.5,0.7,2.7,8.2
186,Joe Ingles\inglejo01,SF,32,UTA,7,1,28.7,2.3,6.3,.364,1.6,4.7,.333,0.7,1.6,.455,.489,0.3,0.3,1.000,0.1,4.0,4.1,3.6,1.0,0.1,1.4,2.6,6.4
187,Brandon Ingram\ingrabr01,PF,22,NOP,6,6,30.8,8.7,16.8,.515,2.7,5.3,.500,6.0,11.5,.522,.594,3.5,5.0,.700,1.2,6.3,7.5,4.2,0.5,1.2,2.3,2.2,23.5
188,Kyrie Irving\irvinky01,PG,27,BRK,6,6,33.7,10.3,23.0,.449,3.5,9.0,.389,6.8,14.0,.488,.525,6.3,7.0,.905,0.8,5.7,6.5,7.5,1.0,0.7,2.5,2.8,30.5
189,Jonathan Isaac\isaacjo01,SF,22,ORL,6,6,29.7,3.5,8.8,.396,1.5,4.0,.375,2.0,4.8,.414,.481,2.0,2.2,.923,0.8,5.2,6.0,1.5,1.5,2.5,1.3,2.0,10.5
190,Wesley Iwundu\iwundwe01,SF,25,ORL,1,0,13.0,1.0,4.0,.250,0.0,1.0,.000,1.0,3.0,.333,.250,0.0,0.0,,0.0,1.0,1.0,0.0,0.0,0.0,2.0,0.0,2.0
191,Frank Jackson\jacksfr01,PG,21,NOP,6,0,18.5,4.3,9.3,.464,1.5,4.2,.360,2.8,5.2,.548,.545,1.5,1.8,.818,0.2,1.0,1.2,1.5,0.7,0.2,1.2,2.0,11.7
192,Jaren Jackson\jacksja02,C,20,MEM,5,5,25.2,4.6,10.4,.442,1.0,3.8,.263,3.6,6.6,.545,.490,3.0,3.8,.789,2.0,3.4,5.4,0.8,0.6,1.6,2.4,4.6,13.2
193,Justin Jackson\jacksju01,SF,24,DAL,6,0,12.8,2.0,3.8,.522,0.7,1.7,.400,1.3,2.2,.615,.609,0.8,1.0,.833,0.3,1.5,1.8,0.5,0.2,0.0,0.3,0.5,5.5
194,Reggie Jackson\jacksre01,PG,29,DET,2,2,18.0,2.0,5.5,.364,0.5,2.5,.200,1.5,3.0,.500,.409,0.5,0.5,1.000,0.5,2.0,2.5,4.0,0.0,0.0,0.5,1.0,5.0
195,Justin James\jamesju01,SG,23,SAC,3,0,4.0,1.0,2.3,.429,0.0,0.7,.000,1.0,1.7,.600,.429,0.3,1.3,.250,0.0,0.7,0.7,0.3,0.3,0.3,0.0,0.0,2.3
196,LeBron James\jamesle01,SF,35,LAL,6,6,35.0,9.2,19.3,.474,1.5,5.3,.281,7.7,14.0,.548,.513,5.7,7.5,.756,0.8,7.2,8.0,11.2,1.5,0.7,4.2,1.7,25.5
197,Amile Jefferson\jeffeam01,PF,26,ORL,1,0,6.0,2.0,2.0,1.000,0.0,0.0,,2.0,2.0,1.000,1.000,0.0,0.0,,1.0,0.0,1.0,2.0,0.0,0.0,1.0,0.0,4.0
198,Cameron Johnson\johnsca02,SF,23,PHO,4,0,13.3,2.3,4.8,.474,1.3,3.5,.357,1.0,1.3,.800,.605,0.3,0.5,.500,0.3,2.0,2.3,0.3,0.5,0.0,0.8,2.5,6.0
199,James Johnson\johnsja01,PF,32,MIA,1,0,22.0,7.0,12.0,.583,2.0,5.0,.400,5.0,7.0,.714,.667,1.0,2.0,.500,0.0,4.0,4.0,3.0,0.0,0.0,1.0,1.0,17.0
200,Stanley Johnson\johnsst04,SF,23,TOR,2,0,5.0,1.0,2.0,.500,0.5,1.5,.333,0.5,0.5,1.000,.625,0.0,0.0,,0.5,1.5,2.0,0.0,0.5,0.0,2.0,2.0,2.5
201,Tyler Johnson\johnsty01,PG,27,PHO,6,0,19.2,2.5,5.7,.441,1.3,2.8,.471,1.2,2.8,.412,.559,0.7,0.7,1.000,0.2,1.5,1.7,2.2,0.3,0.2,0.8,1.7,7.0
202,Nikola Jokić\jokicni01,C,24,DEN,6,6,30.7,6.0,12.5,.480,1.0,3.5,.286,5.0,9.0,.556,.520,2.8,3.5,.810,2.0,8.5,10.5,6.0,1.2,0.5,3.0,3.3,15.8
203,Damian Jones\jonesda03,C,24,ATL,4,0,10.3,1.3,1.8,.714,0.3,0.3,1.000,1.0,1.5,.667,.786,0.8,1.0,.750,0.5,0.8,1.3,0.0,0.5,0.5,0.0,2.0,3.5
204,Derrick Jones\jonesde02,SF,22,MIA,2,0,15.5,3.5,4.5,.778,0.5,1.0,.500,3.0,3.5,.857,.833,1.5,1.5,1.000,0.5,1.0,1.5,0.0,0.5,0.0,0.5,3.5,9.0
205,Tyus Jones\jonesty01,PG,23,MEM,5,0,20.6,2.6,7.6,.342,0.2,2.0,.100,2.4,5.6,.429,.355,1.4,2.4,.583,0.0,0.8,0.8,4.6,1.2,0.0,1.2,1.6,6.8
206,DeAndre Jordan\jordade01,C,31,BRK,6,3,22.0,2.7,4.8,.552,0.0,0.0,,2.7,4.8,.552,.552,1.2,2.5,.467,2.7,7.3,10.0,1.5,0.3,1.2,1.3,2.8,6.5
207,Cory Joseph\josepco01,PG,28,SAC,7,0,15.4,2.0,5.1,.389,0.3,1.3,.222,1.7,3.9,.444,.417,1.3,1.3,1.000,0.7,0.9,1.6,1.7,0.3,0.1,1.4,1.6,5.6
208,Mfiondu Kabengele\kabenmf01,C,22,LAC,3,0,2.3,0.3,0.7,.500,0.3,0.7,.500,0.0,0.0,,.750,0.0,0.0,,0.0,0.3,0.3,0.0,0.0,0.3,0.0,0.3,1.0
209,Frank Kaminsky\kaminfr01,C,26,PHO,6,0,25.7,3.8,9.8,.390,0.8,4.2,.200,3.0,5.7,.529,.432,3.8,4.7,.821,0.7,5.7,6.3,2.5,0.2,0.3,2.2,2.5,12.3
210,Enes Kanter\kanteen01,C,27,BOS,1,1,25.0,5.0,8.0,.625,0.0,1.0,.000,5.0,7.0,.714,.625,2.0,7.0,.286,3.0,3.0,6.0,2.0,0.0,0.0,0.0,3.0,12.0
211,Luke Kennard\kennalu01,SG,23,DET,7,4,31.1,5.3,11.9,.446,2.9,6.6,.435,2.4,5.3,.459,.566,3.0,3.3,.913,0.1,2.4,2.6,3.7,0.3,0.0,1.1,1.6,16.4
212,Stanton Kidd\kiddst01,SF,27,UTA,3,0,4.3,0.0,1.0,.000,0.0,0.3,.000,0.0,0.7,.000,.000,0.0,0.0,,0.0,0.7,0.7,0.3,0.0,0.0,0.7,0.7,0.0
213,Michael Kidd-Gilchrist\kiddgmi01,SF,26,CHO,1,0,10.0,2.0,7.0,.286,1.0,1.0,1.000,1.0,6.0,.167,.357,0.0,0.0,,1.0,3.0,4.0,0.0,0.0,0.0,1.0,1.0,5.0
214,Maxi Kleber\klebima01,PF,28,DAL,5,2,28.6,3.2,7.8,.410,1.2,4.2,.286,2.0,3.6,.556,.487,1.2,1.4,.857,1.8,6.0,7.8,1.2,0.2,1.6,1.4,3.2,8.8
215,Brandon Knight\knighbr03,PG,28,CLE,2,0,13.0,1.5,5.5,.273,1.5,4.5,.333,0.0,1.0,.000,.409,0.5,1.0,.500,0.0,0.5,0.5,3.0,0.5,0.0,1.5,2.0,5.0
216,Kevin Knox\knoxke01,SF,20,NYK,7,0,23.4,3.4,8.4,.407,1.9,4.4,.419,1.6,4.0,.393,.517,1.9,2.9,.650,0.7,3.0,3.7,1.4,0.6,0.1,0.9,2.1,10.6
217,Furkan Korkmaz\korkmfu01,SG,22,PHI,5,0,16.0,2.2,5.4,.407,1.4,4.0,.350,0.8,1.4,.571,.537,0.8,1.0,.800,0.0,1.6,1.6,0.8,0.2,0.6,0.6,1.6,6.6
218,Luke Kornet\kornelu01,C,24,CHI,7,0,12.4,1.7,4.7,.364,0.6,2.4,.235,1.1,2.3,.500,.424,0.6,0.6,1.000,0.7,1.3,2.0,0.9,0.1,0.6,0.3,1.1,4.6
219,Kyle Korver\korveky01,SG,38,MIL,5,0,16.6,2.8,5.8,.483,2.4,4.8,.500,0.4,1.0,.400,.690,0.6,0.8,.750,0.6,1.2,1.8,0.2,0.4,0.2,1.0,1.2,8.6
220,Rodions Kurucs\kurucro01,SF,21,BRK,6,0,12.7,1.0,2.7,.375,0.3,0.5,.667,0.7,2.2,.308,.438,0.3,1.0,.333,0.8,2.0,2.8,0.2,0.3,0.0,1.2,2.2,2.7
221,Kyle Kuzma\kuzmaky01,PF,24,LAL,2,0,17.5,2.5,7.5,.333,0.5,4.0,.125,2.0,3.5,.571,.367,1.5,2.0,.750,0.5,2.5,3.0,0.5,0.0,0.0,0.5,1.0,7.0
222,Skal Labissière\labissk01,PF,23,POR,6,0,13.2,3.0,4.5,.667,0.0,0.0,,3.0,4.5,.667,.667,1.3,2.0,.667,2.2,1.7,3.8,0.7,0.2,0.8,1.3,2.5,7.3
223,Jeremy Lamb\lambje01,SG,27,IND,4,4,31.8,5.8,12.3,.469,1.0,4.0,.250,4.8,8.3,.576,.510,4.3,5.0,.850,1.3,5.5,6.8,2.3,1.3,1.0,1.5,3.3,16.8
224,Romeo Langford\langfro01,SG,20,BOS,1,0,0.0,0.0,0.0,,0.0,0.0,,0.0,0.0,,,0.0,0.0,,0.0,0.0,0.0,0.0,0.0,0.0,0.0,0.0,0.0
225,Zach LaVine\lavinza01,SG,24,CHI,7,7,32.1,7.7,17.9,.432,2.7,6.9,.396,5.0,11.0,.455,.508,3.0,4.0,.750,1.4,2.7,4.1,3.6,1.0,0.4,3.3,2.6,21.1
226,Jake Layman\laymaja01,PF,25,MIN,5,0,24.8,3.8,9.0,.422,1.6,4.0,.400,2.2,5.0,.440,.511,0.4,0.6,.667,0.4,2.0,2.4,0.6,0.4,0.8,1.0,2.4,9.6
227,T.J. Leaf\leaftj01,PF,22,IND,5,1,12.6,2.0,5.6,.357,0.4,1.2,.333,1.6,4.4,.364,.393,0.4,0.4,1.000,2.0,3.0,5.0,0.6,0.4,0.2,0.8,1.4,4.8
228,Courtney Lee\leeco01,SG,34,DAL,2,2,11.0,1.5,3.5,.429,0.0,1.5,.000,1.5,2.0,.750,.429,0.0,0.0,,0.0,0.5,0.5,0.0,0.0,0.0,0.0,1.0,3.0
229,Damion Lee\leeda03,SG,27,GSW,6,0,18.7,3.5,7.2,.488,1.7,3.3,.500,1.8,3.8,.478,.605,2.0,2.3,.857,1.0,3.0,4.0,1.5,0.3,0.0,1.5,2.2,10.7
230,Alex Len\lenal01,C,26,ATL,5,5,18.8,1.6,5.4,.296,0.4,2.6,.154,1.2,2.8,.429,.333,0.6,0.8,.750,1.4,2.8,4.2,1.6,0.6,1.2,1.4,2.6,4.2
231,Kawhi Leonard\leonaka01,SF,28,LAC,6,6,30.5,10.7,22.5,.474,1.8,5.2,.355,8.8,17.3,.510,.515,6.2,7.2,.860,1.5,5.8,7.3,5.7,2.3,1.0,3.0,2.7,29.3
232,Meyers Leonard\leoname01,C,27,MIA,6,6,22.3,3.5,5.5,.636,1.3,2.2,.615,2.2,3.3,.650,.758,0.5,0.8,.600,0.5,5.2,5.7,1.0,0.8,1.0,0.7,2.8,8.8
233,Caris LeVert\leverca01,SG,25,BRK,6,6,32.2,7.3,16.3,.449,1.3,4.0,.333,6.0,12.3,.486,.490,2.8,4.2,.680,1.3,3.2,4.5,3.5,1.0,0.0,3.8,2.3,18.8
234,Damian Lillard\lillada01,PG,29,POR,6,6,37.7,9.8,20.7,.476,3.7,9.0,.407,6.2,11.7,.529,.565,6.5,7.3,.886,0.3,5.2,5.5,7.8,1.5,0.5,2.8,2.7,29.8
235,Nassir Little\littlna01,SF,19,POR,1,0,2.0,0.0,1.0,.000,0.0,0.0,,0.0,1.0,.000,.000,0.0,0.0,,0.0,0.0,0.0,0.0,0.0,0.0,0.0,0.0,0.0
236,Kevon Looney\looneke01,C,23,GSW,1,1,10.0,1.0,4.0,.250,1.0,1.0,1.000,0.0,3.0,.000,.375,0.0,0.0,,5.0,4.0,9.0,1.0,0.0,0.0,1.0,3.0,3.0
237,Brook Lopez\lopezbr01,C,31,MIL,6,6,28.0,3.0,8.8,.340,1.8,6.0,.306,1.2,2.8,.412,.443,2.7,2.8,.941,0.0,3.3,3.3,1.7,0.5,1.8,1.3,2.0,10.5
238,Robin Lopez\lopezro01,C,31,MIL,6,0,14.8,1.7,3.7,.455,0.5,2.0,.250,1.2,1.7,.700,.523,0.3,0.8,.400,0.2,2.0,2.2,0.7,0.3,0.5,0.8,1.8,4.2
239,Kevin Love\loveke01,PF,31,CLE,6,6,33.8,6.0,12.2,.493,2.8,6.8,.415,3.2,5.3,.594,.610,4.3,5.0,.867,0.8,14.5,15.3,4.3,1.0,0.2,3.5,2.0,19.2
240,Kyle Lowry\lowryky01,PG,33,TOR,6,6,38.8,7.3,15.5,.473,3.7,9.3,.393,3.7,6.2,.595,.591,5.7,6.3,.895,0.3,4.7,5.0,6.8,1.0,0.5,3.3,3.0,24.0
241,Trey Lyles\lylestr01,PF,24,SAS,6,6,20.3,1.3,3.3,.400,0.0,1.2,.000,1.3,2.2,.615,.400,0.3,0.3,1.000,1.7,6.0,7.7,1.7,0.2,0.0,0.7,1.3,3.0
242,Daryl Macon\maconda01,SG,24,MIA,1,0,1.0,0.0,0.0,,0.0,0.0,,0.0,0.0,,,0.0,0.0,,0.0,0.0,0.0,0.0,0.0,0.0,0.0,0.0,0.0
243,Josh Magette\magetjo01,PG,30,ORL,1,0,6.0,2.0,4.0,.500,0.0,0.0,,2.0,4.0,.500,.500,0.0,0.0,,1.0,0.0,1.0,1.0,1.0,0.0,0.0,0.0,4.0
244,Thon Maker\makerth01,C,22,DET,7,0,14.7,0.9,2.7,.316,0.1,0.9,.167,0.7,1.9,.385,.342,0.9,1.4,.600,0.6,2.0,2.6,0.4,0.4,0.7,0.6,1.3,2.7
245,Terance Mann\mannte01,SG,23,LAC,5,0,3.2,0.4,0.6,.667,0.0,0.0,,0.4,0.6,.667,.667,0.0,0.0,,0.2,0.8,1.0,1.0,0.2,0.0,0.4,0.6,0.8
246,Boban Marjanović\marjabo01,C,31,DAL,2,0,13.0,4.0,8.0,.500,0.0,0.0,,4.0,8.0,.500,.500,0.0,0.5,.000,2.5,5.0,7.5,0.5,0.0,0.0,1.0,2.0,8.0
247,Lauri Markkanen\markkla01,PF,22,CHI,7,7,29.7,5.1,13.3,.387,1.6,6.3,.250,3.6,7.0,.510,.446,4.1,5.1,.806,1.4,7.1,8.6,2.1,1.0,0.3,1.9,1.7,16.0
248,Caleb Martin\martica02,SF,24,CHO,2,0,9.5,1.0,4.0,.250,0.0,1.0,.000,1.0,3.0,.333,.250,0.0,0.5,.000,0.0,1.5,1.5,1.5,0.5,1.0,1.0,1.0,2.0
249,Cody Martin\martico01,SF,24,CHO,5,0,6.4,0.4,1.2,.333,0.0,0.6,.000,0.4,0.6,.667,.333,0.8,1.2,.667,0.2,1.0,1.2,0.2,0.6,0.2,0.0,0.2,1.6
250,Kelan Martin\martike03,SF,24,MIN,1,0,5.0,0.0,3.0,.000,0.0,1.0,.000,0.0,2.0,.000,.000,0.0,0.0,,0.0,1.0,1.0,0.0,0.0,0.0,0.0,1.0,0.0
251,Garrison Mathews\mathega01,SG,23,WAS,2,0,7.0,0.0,1.0,.000,0.0,1.0,.000,0.0,0.0,,.000,0.0,0.0,,0.0,0.5,0.5,1.0,0.0,0.0,0.5,1.5,0.0
252,Wesley Matthews\matthwe02,SG,33,MIL,6,6,24.7,3.0,6.8,.439,1.5,5.0,.300,1.5,1.8,.818,.549,0.3,0.5,.667,0.0,2.2,2.2,1.2,1.0,0.2,0.5,1.2,7.8
253,Patrick McCaw\mccawpa01,SF,24,TOR,2,0,20.0,1.5,2.5,.600,0.5,1.5,.333,1.0,1.0,1.000,.700,0.5,1.0,.500,1.0,2.0,3.0,1.5,1.5,0.0,1.5,1.5,4.0
254,CJ McCollum\mccolcj01,SG,28,POR,6,6,37.0,8.2,20.2,.405,2.0,5.3,.375,6.2,14.8,.416,.455,3.5,3.8,.913,0.3,3.2,3.5,3.2,0.8,0.2,3.2,3.7,21.8
255,T.J. McConnell\mccontj01,PG,27,IND,6,0,15.3,1.5,4.7,.321,0.0,0.2,.000,1.5,4.5,.333,.321,0.5,0.5,1.000,0.5,1.8,2.3,4.0,0.7,0.2,0.8,1.0,3.5
256,Jalen McDaniels\mcdanja01,PF,22,CHO,1,0,3.0,1.0,2.0,.500,0.0,0.0,,1.0,2.0,.500,.500,0.0,0.0,,1.0,0.0,1.0,0.0,0.0,0.0,0.0,0.0,2.0
257,Doug McDermott\mcderdo01,PF,28,IND,6,0,17.7,1.8,5.7,.324,1.0,3.0,.333,0.8,2.7,.313,.412,0.3,0.5,.667,0.2,1.7,1.8,1.3,0.2,0.2,1.0,2.3,5.0
258,JaVale McGee\mcgeeja01,C,32,LAL,6,6,16.2,2.3,3.5,.667,0.0,0.0,,2.3,3.5,.667,.667,0.0,0.3,.000,1.5,2.5,4.0,0.3,0.2,1.0,1.0,2.2,4.7
259,Rodney McGruder\mcgruro01,SG,28,LAC,3,0,12.3,0.0,1.3,.000,0.0,0.3,.000,0.0,1.0,.000,.000,0.0,0.0,,0.3,1.3,1.7,0.0,0.0,0.3,0.0,2.0,0.0
260,Alfonzo McKinnie\mckinal01,SF,27,CLE,3,0,1.7,0.0,0.0,,0.0,0.0,,0.0,0.0,,,0.0,0.0,,0.3,0.0,0.3,0.0,0.0,0.0,0.0,0.0,0.0
261,Ben McLemore\mclembe01,SG,26,HOU,6,0,11.8,1.7,3.5,.476,1.3,3.2,.421,0.3,0.3,1.000,.667,0.7,0.8,.800,0.0,0.2,0.2,0.5,0.3,0.0,0.3,1.0,5.3
262,Jordan McRae\mcraejo01,SG,28,WAS,1,0,23.0,4.0,9.0,.444,1.0,3.0,.333,3.0,6.0,.500,.500,2.0,2.0,1.000,0.0,5.0,5.0,3.0,0.0,0.0,1.0,2.0,11.0
263,Nicolò Melli\mellini01,C,29,NOP,6,2,14.3,2.5,4.5,.556,0.8,2.3,.357,1.7,2.2,.769,.648,1.0,1.3,.750,0.7,2.2,2.8,1.2,0.2,0.2,1.0,1.7,6.8
264,De'Anthony Melton\meltode01,PG,21,MEM,2,0,4.5,0.0,1.0,.000,0.0,0.0,,0.0,1.0,.000,.000,0.0,1.0,.000,0.5,0.0,0.5,1.5,1.0,0.0,1.0,0.0,0.0
265,Chimezie Metu\metuch01,PF,22,SAS,1,0,4.0,0.0,1.0,.000,0.0,0.0,,0.0,1.0,.000,.000,0.0,0.0,,0.0,0.0,0.0,0.0,0.0,0.0,0.0,0.0,0.0
266,Khris Middleton\middlkh01,SF,28,MIL,6,6,31.2,6.8,13.7,.500,2.5,6.5,.385,4.3,7.2,.605,.591,2.2,2.7,.813,0.8,5.2,6.0,3.0,0.5,0.2,2.3,2.8,18.3
267,Malcolm Miller\millema01,SG,26,TOR,1,0,5.0,0.0,1.0,.000,0.0,1.0,.000,0.0,0.0,,.000,0.0,0.0,,0.0,3.0,3.0,0.0,0.0,0.0,0.0,1.0,0.0
268,Patty Mills\millspa02,PG,31,SAS,6,0,20.3,3.7,8.3,.440,2.3,5.2,.452,1.3,3.2,.421,.580,1.5,1.8,.818,0.3,1.2,1.5,2.0,1.0,0.0,1.7,2.7,11.2
269,Paul Millsap\millspa01,PF,34,DEN,6,6,25.5,3.8,8.8,.434,1.2,2.8,.412,2.7,6.0,.444,.500,2.8,3.0,.944,1.3,4.0,5.3,0.7,0.7,0.7,0.8,2.8,11.7
270,Shake Milton\miltosh01,SG,23,PHI,3,0,8.7,2.0,4.0,.500,1.3,3.0,.444,0.7,1.0,.667,.667,1.0,1.3,.750,0.0,0.7,0.7,1.0,0.0,0.0,1.3,1.7,6.3
271,Donovan Mitchell\mitchdo01,SG,23,UTA,7,7,33.9,9.4,18.1,.520,1.7,3.9,.444,7.7,14.3,.540,.567,5.1,6.6,.783,0.9,3.9,4.7,3.3,2.0,0.1,1.4,3.0,25.7
272,Malik Monk\monkma01,SG,21,CHO,6,0,18.7,3.5,7.0,.500,1.2,3.5,.333,2.3,3.5,.667,.583,0.0,0.0,,0.2,1.5,1.7,2.0,0.3,0.2,1.8,2.0,8.2
273,E'Twaun Moore\mooreet01,SG,30,NOP,1,0,12.0,2.0,7.0,.286,1.0,3.0,.333,1.0,4.0,.250,.357,0.0,0.0,,1.0,2.0,3.0,2.0,0.0,0.0,0.0,0.0,5.0
274,Ja Morant\moranja01,PG,20,MEM,5,5,28.0,7.4,14.4,.514,1.0,2.0,.500,6.4,12.4,.516,.549,3.0,3.8,.789,0.8,2.6,3.4,5.4,1.6,0.4,4.8,2.6,18.8
275,Marcus Morris\morrima03,PF,30,NYK,7,7,34.0,5.4,13.0,.418,2.4,5.0,.486,3.0,8.0,.375,.511,4.6,5.4,.842,0.9,4.6,5.4,1.0,1.1,1.0,1.7,3.7,17.9
276,Markieff Morris\morrima02,PF,30,DET,7,7,28.6,4.4,10.1,.437,1.3,3.9,.333,3.1,6.3,.500,.500,1.4,2.1,.667,0.6,3.6,4.1,1.6,0.7,0.1,2.6,2.9,11.6
277,Monte Morris\morrimo01,PG,24,DEN,6,0,15.8,2.3,7.0,.333,0.5,0.8,.600,1.8,6.2,.297,.369,1.0,1.2,.857,0.0,1.2,1.2,2.8,0.3,0.0,0.5,0.3,6.2
278,Johnathan Motley\motlejo01,PF,24,LAC,2,0,2.0,0.5,1.5,.333,0.5,0.5,1.000,0.0,1.0,.000,.500,0.0,0.0,,0.5,0.5,1.0,1.0,0.0,0.0,1.0,0.5,1.5
279,Emmanuel Mudiay\mudiaem01,PG,23,UTA,6,0,18.3,3.8,8.2,.469,0.3,1.8,.182,3.5,6.3,.553,.490,1.0,1.3,.750,0.2,2.2,2.3,3.5,0.5,0.5,2.3,1.5,9.0
280,Dejounte Murray\murrade01,PG,23,SAS,5,5,23.4,5.4,10.0,.540,0.4,1.4,.286,5.0,8.6,.581,.560,2.8,3.8,.737,1.0,7.6,8.6,4.8,2.2,0.8,3.0,1.8,14.0
281,Jamal Murray\murraja01,PG,22,DEN,6,6,32.8,6.3,14.8,.427,1.7,4.8,.345,4.7,10.0,.467,.483,4.2,4.7,.893,0.7,4.2,4.8,3.5,0.8,0.2,2.0,2.5,18.5
282,Džanan Musa\musadz01,SG,20,BRK,2,0,3.0,0.0,0.0,,0.0,0.0,,0.0,0.0,,,0.0,0.0,,0.0,0.0,0.0,0.0,0.0,0.0,1.0,0.0,0.0
283,Mike Muscala\muscami01,C,28,OKC,5,0,14.6,0.8,4.8,.167,0.2,3.6,.056,0.6,1.2,.500,.188,0.8,0.8,1.000,0.4,2.6,3.0,1.0,0.2,0.6,0.4,2.6,2.6
284,Sviatoslav Mykhailiuk\mykhasv01,SG,22,DET,2,0,12.0,2.0,4.0,.500,2.0,4.0,.500,0.0,0.0,,.750,0.0,0.0,,0.0,1.0,1.0,0.5,0.0,0.5,0.5,0.5,6.0
285,Abdel Nader\naderab01,SF,26,OKC,4,0,10.3,1.0,2.8,.364,0.8,2.0,.375,0.3,0.8,.333,.500,0.3,0.5,.500,0.3,1.5,1.8,0.3,0.0,0.0,1.3,1.0,3.0
286,Larry Nance\nancela02,C,27,CLE,6,0,25.7,3.7,8.3,.440,1.0,3.5,.286,2.7,4.8,.552,.500,1.3,2.0,.667,1.7,5.0,6.7,1.3,0.5,0.5,1.3,2.3,9.7
287,Shabazz Napier\napiesh01,PG,28,MIN,5,0,21.6,1.8,6.2,.290,1.0,4.6,.217,0.8,1.6,.500,.371,2.8,3.2,.875,0.2,2.2,2.4,4.6,1.0,0.6,2.0,0.6,7.4
288,Raul Neto\netora01,PG,27,PHI,4,0,4.0,1.0,1.8,.571,0.0,0.0,,1.0,1.8,.571,.571,0.0,0.0,,0.3,0.8,1.0,1.0,0.3,0.0,0.3,0.0,2.0
289,Georges Niang\niangge01,PF,26,UTA,6,0,9.7,1.3,2.5,.533,0.7,1.8,.364,0.7,0.7,1.000,.667,0.7,0.7,1.000,0.0,1.2,1.2,0.5,0.0,0.0,0.7,1.3,4.0
290,Nerlens Noel\noelne01,C,25,OKC,6,2,16.7,3.2,4.5,.704,0.0,0.0,,3.2,4.5,.704,.704,1.3,1.7,.800,1.2,3.3,4.5,1.2,0.8,1.7,1.0,2.2,7.7
291,Zach Norvell\norveza01,SG,22,LAL,2,0,2.5,0.0,0.5,.000,0.0,0.0,,0.0,0.5,.000,.000,0.0,0.0,,0.0,0.5,0.5,0.0,0.0,0.0,0.0,0.0,0.0
292,Frank Ntilikina\ntilila01,PG,21,NYK,6,2,17.8,1.3,4.5,.296,0.5,2.2,.231,0.8,2.3,.357,.352,0.0,0.0,,0.3,1.5,1.8,1.8,0.8,0.2,1.0,2.0,3.2
293,Kendrick Nunn\nunnke01,SG,24,MIA,6,6,29.5,7.7,15.8,.484,2.7,6.0,.444,5.0,9.8,.508,.568,1.5,1.5,1.000,0.0,2.2,2.2,3.0,1.7,0.2,2.3,3.3,19.5
294,David Nwaba\nwabada01,SG,27,BRK,4,0,12.8,0.8,1.3,.600,0.3,0.5,.500,0.5,0.8,.667,.700,0.3,1.0,.250,0.5,2.3,2.8,0.3,0.3,0.3,1.0,1.5,2.0
295,Royce O'Neale\onealro01,PF,26,UTA,7,6,27.6,2.6,4.7,.545,0.9,2.1,.400,1.7,2.6,.667,.636,0.0,0.0,,0.1,3.7,3.9,2.0,0.6,0.4,1.1,3.1,6.0
296,Kyle O'Quinn\oquinky01,C,29,PHI,5,0,9.2,1.4,3.4,.412,0.4,1.6,.250,1.0,1.8,.556,.471,0.4,1.0,.400,1.4,2.2,3.6,1.0,0.2,0.4,0.6,1.0,3.6
297,Semi Ojeleye\ojelese01,PF,25,BOS,5,0,12.8,0.4,1.4,.286,0.0,0.8,.000,0.4,0.6,.667,.286,0.6,1.0,.600,0.2,1.4,1.6,0.4,0.2,0.0,0.0,0.8,1.4
298,Jahlil Okafor\okafoja01,C,24,NOP,6,3,17.8,4.3,6.8,.634,0.0,0.0,,4.3,6.8,.634,.634,2.2,3.2,.684,1.8,3.5,5.3,1.2,0.5,1.0,2.0,3.5,10.8
299,Elie Okobo\okoboel01,PG,22,PHO,3,0,3.0,1.0,1.7,.600,0.3,0.7,.500,0.7,1.0,.667,.700,0.0,0.0,,0.0,0.7,0.7,0.7,0.0,0.0,0.0,0.3,2.3
300,Josh Okogie\okogijo01,SG,21,MIN,5,0,22.2,3.0,5.4,.556,0.4,1.8,.222,2.6,3.6,.722,.593,2.6,3.8,.684,1.2,3.4,4.6,2.6,1.8,0.2,1.8,2.2,9.0
301,KZ Okpala\okpalkz01,SF,20,MIA,2,0,1.5,0.0,0.0,,0.0,0.0,,0.0,0.0,,,0.0,0.0,,0.0,0.5,0.5,0.0,0.0,0.0,0.5,0.0,0.0
302,Kelly Olynyk\olynyke01,C,28,MIA,6,0,19.5,1.8,6.0,.306,1.0,4.0,.250,0.8,2.0,.417,.389,1.2,1.3,.875,1.2,4.0,5.2,1.8,0.8,0.7,1.7,3.3,5.8
303,Cedi Osman\osmande01,SF,24,CLE,6,6,30.0,3.3,7.5,.444,2.2,4.5,.481,1.2,3.0,.389,.589,0.5,0.7,.750,0.2,2.7,2.8,1.5,1.0,0.3,1.0,2.7,9.3
304,Kelly Oubre\oubreke01,SF,24,PHO,6,6,30.7,6.5,13.7,.476,1.5,4.3,.346,5.0,9.3,.536,.530,3.5,3.8,.913,1.7,4.3,6.0,1.7,1.3,0.8,1.3,3.7,18.0
305,Jabari Parker\parkeja01,PF,24,ATL,5,0,22.2,5.4,9.8,.551,1.4,3.6,.389,4.0,6.2,.645,.622,1.6,2.4,.667,1.0,2.8,3.8,1.0,0.4,0.2,1.8,2.8,13.8
306,Eric Paschall\pascher01,PF,23,GSW,6,2,27.8,5.5,9.0,.611,0.0,1.3,.000,5.5,7.7,.717,.611,2.8,3.5,.810,1.0,2.0,3.0,1.7,0.7,0.5,1.2,1.7,13.8
307,Patrick Patterson\pattepa01,PF,30,LAC,7,7,22.9,1.7,5.1,.333,1.4,3.9,.370,0.3,1.3,.222,.472,0.1,0.3,.500,1.0,3.1,4.1,1.4,0.3,0.1,0.6,1.7,5.0
308,Justin Patton\pattoju01,C,22,OKC,1,0,6.0,0.0,2.0,.000,0.0,1.0,.000,0.0,1.0,.000,.000,0.0,0.0,,0.0,2.0,2.0,0.0,0.0,0.0,1.0,3.0,0.0
309,Chris Paul\paulch01,PG,34,OKC,6,6,29.0,4.7,10.3,.452,2.2,4.5,.481,2.5,5.8,.429,.556,3.3,4.3,.769,0.3,3.3,3.7,4.5,1.5,0.0,3.2,2.2,14.8
310,Elfrid Payton\paytoel01,PG,25,NYK,4,3,25.5,2.8,7.3,.379,1.3,2.0,.625,1.5,5.3,.286,.466,1.3,1.5,.833,0.8,2.3,3.0,3.8,2.5,0.0,1.8,2.0,8.0
311,Theo Pinson\pinsoth01,SG,24,BRK,1,0,1.0,0.0,0.0,,0.0,0.0,,0.0,0.0,,,0.0,0.0,,0.0,1.0,1.0,1.0,1.0,0.0,0.0,0.0,0.0
312,Mason Plumlee\plumlma01,C,29,DEN,6,0,16.0,2.2,3.7,.591,0.0,0.2,.000,2.2,3.5,.619,.591,1.8,2.8,.647,2.2,2.8,5.0,2.7,0.5,0.5,1.0,3.0,6.2
313,Vincent Poirier\poirivi01,C,26,BOS,2,0,6.0,1.0,1.5,.667,0.0,0.0,,1.0,1.5,.667,.667,0.0,0.0,,0.5,0.0,0.5,0.0,0.0,0.0,0.5,1.5,2.0
314,Jakob Pöltl\poeltja01,C,24,SAS,6,0,15.5,1.8,3.5,.524,0.0,0.0,,1.8,3.5,.524,.524,1.2,1.8,.636,2.2,2.7,4.8,1.3,0.2,1.0,0.7,1.7,4.8
315,Jordan Poole\poolejo01,SG,20,GSW,6,3,25.2,3.0,10.3,.290,1.8,5.2,.355,1.2,5.2,.226,.379,1.8,1.8,1.000,0.0,1.7,1.7,1.5,0.7,0.0,1.5,2.7,9.7
316,Kevin Porter\porteke02,SG,19,CLE,6,0,18.0,1.7,5.5,.303,0.5,2.0,.250,1.2,3.5,.333,.348,1.5,1.5,1.000,0.5,1.8,2.3,1.3,0.2,0.7,1.3,2.7,5.3
317,Michael Porter\portemi01,PF,21,DEN,2,0,14.0,3.0,5.0,.600,0.5,1.5,.333,2.5,3.5,.714,.650,2.5,4.0,.625,1.0,3.0,4.0,0.5,0.0,0.0,1.0,1.0,9.0
318,Otto Porter\porteot01,SF,26,CHI,7,7,26.7,3.3,9.4,.348,1.3,4.1,.310,2.0,5.3,.378,.417,2.1,2.9,.750,1.1,2.6,3.7,1.7,0.9,0.3,0.9,2.3,10.0
319,Bobby Portis\portibo01,C,24,NYK,7,2,24.3,4.3,9.9,.435,1.0,3.0,.333,3.3,6.9,.479,.486,0.9,1.1,.750,2.3,5.4,7.7,1.4,0.6,0.4,1.1,2.6,10.4
320,Kristaps Porziņģis\porzikr01,PF,24,DAL,6,6,32.3,7.2,16.7,.430,2.5,6.5,.385,4.7,10.2,.459,.505,3.7,5.3,.688,1.2,7.0,8.2,2.2,0.3,2.7,2.3,3.5,20.5
321,Dwight Powell\poweldw01,PF,28,DAL,3,3,22.0,3.3,5.7,.588,0.3,1.0,.333,3.0,4.7,.643,.618,2.0,3.3,.600,1.7,2.7,4.3,0.0,0.3,0.0,2.0,2.0,9.0
322,Norman Powell\powelno01,SG,26,TOR,6,0,24.3,2.7,6.8,.390,1.2,4.0,.292,1.5,2.8,.529,.476,1.2,1.5,.778,0.5,3.7,4.2,1.5,1.0,0.0,1.8,1.5,7.7
323,Julius Randle\randlju01,PF,25,NYK,7,7,33.4,5.4,13.0,.418,0.1,2.6,.056,5.3,10.4,.507,.423,2.4,4.0,.607,3.3,7.1,10.4,4.6,0.7,0.1,4.1,2.9,13.4
324,Cam Reddish\reddica01,SF,20,ATL,5,5,25.2,1.8,8.6,.209,0.2,3.6,.056,1.6,5.0,.320,.221,1.4,1.6,.875,0.6,4.0,4.6,2.2,1.6,0.2,2.0,1.8,5.2
325,J.J. Redick\redicjj01,SG,35,NOP,6,4,24.3,3.3,8.7,.385,2.5,6.3,.395,0.8,2.3,.357,.529,1.2,1.5,.778,0.3,1.3,1.7,1.7,0.2,0.3,2.0,1.3,10.3
326,Josh Richardson\richajo01,SG,26,PHI,5,5,33.6,5.0,12.6,.397,1.0,4.6,.217,4.0,8.0,.500,.437,3.0,3.4,.882,1.0,3.0,4.0,3.6,1.6,1.2,3.2,3.2,14.0
327,Austin Rivers\riverau01,SG,27,HOU,6,0,17.3,2.2,5.0,.433,1.2,3.5,.333,1.0,1.5,.667,.550,0.5,1.0,.500,0.3,1.5,1.8,1.3,0.0,0.0,0.3,2.5,6.0
328,Duncan Robinson\robindu01,PF,25,MIA,6,2,22.3,4.2,7.5,.556,2.8,5.7,.500,1.3,1.8,.727,.744,0.2,0.2,1.000,0.0,2.2,2.2,0.5,0.2,0.8,0.7,1.5,11.3
329,Glenn Robinson\robingl02,SF,26,GSW,6,6,29.3,4.2,9.0,.463,1.0,2.8,.353,3.2,6.2,.514,.519,1.5,1.7,.900,2.5,3.3,5.8,1.5,1.0,0.3,1.0,1.8,10.8
330,Jerome Robinson\robinje01,SG,22,LAC,4,0,6.0,1.3,2.5,.500,0.5,1.0,.500,0.8,1.5,.500,.600,0.0,0.0,,0.0,1.0,1.0,0.8,0.0,0.0,1.3,0.5,3.0
331,Justin Robinson\robinju01,PG,22,WAS,2,0,5.0,1.0,2.0,.500,0.5,0.5,1.000,0.5,1.5,.333,.625,0.0,0.0,,0.5,1.0,1.5,1.0,0.0,0.0,1.0,0.0,2.5
332,Mitchell Robinson\robinmi01,C,21,NYK,6,5,19.2,4.2,5.8,.714,0.0,0.0,,4.2,5.8,.714,.714,1.8,2.5,.733,3.2,3.2,6.3,0.5,0.8,2.2,0.8,3.5,10.2
333,Derrick Rose\rosede01,PG,31,DET,6,0,25.0,8.3,14.8,.562,0.2,0.7,.250,8.2,14.2,.576,.567,4.0,4.5,.889,0.3,1.2,1.5,6.3,1.0,0.5,3.8,1.3,20.8
334,Terrence Ross\rosste01,SG,28,ORL,6,0,22.0,3.0,11.0,.273,1.3,6.8,.195,1.7,4.2,.400,.333,1.3,1.5,.889,0.5,2.8,3.3,1.3,1.0,0.2,1.5,1.8,8.7
335,Terry Rozier\roziete01,PG,25,CHO,6,6,31.0,5.7,13.2,.430,2.0,5.7,.353,3.7,7.5,.489,.506,2.7,3.7,.727,0.5,3.5,4.0,5.8,1.0,0.5,3.3,3.0,16.0
336,Ricky Rubio\rubiori01,PG,29,PHO,5,5,32.4,3.4,9.6,.354,0.6,2.0,.300,2.8,7.6,.368,.385,3.6,4.4,.818,0.8,5.6,6.4,8.2,2.2,0.0,2.8,3.4,11.0
337,D'Angelo Russell\russeda01,SG,23,GSW,5,5,30.4,6.4,16.6,.386,2.2,7.0,.314,4.2,9.6,.438,.452,4.0,5.6,.714,0.4,3.2,3.6,6.4,0.0,0.2,2.0,1.4,19.0
338,Domantas Sabonis\sabondo01,C,23,IND,5,5,36.2,9.0,15.8,.570,0.6,1.4,.429,8.4,14.4,.583,.589,3.2,3.6,.889,3.0,8.4,11.4,2.6,0.6,0.6,2.6,3.8,21.8
339,JaKarr Sampson\sampsja02,SF,26,IND,2,1,15.0,2.0,5.5,.364,0.0,1.0,.000,2.0,4.5,.444,.364,0.0,2.0,.000,1.0,1.5,2.5,0.0,0.0,1.0,1.0,2.0,4.0
340,Dario Šarić\saricda01,PF,25,PHO,6,6,27.3,3.7,9.0,.407,1.3,4.0,.333,2.3,5.0,.467,.481,0.8,1.3,.625,1.5,5.0,6.5,2.3,1.5,0.3,1.0,2.0,9.5
341,Tomáš Satoranský\satorto01,PG,28,CHI,7,7,25.7,2.1,5.9,.366,0.9,2.3,.375,1.3,3.6,.360,.439,1.3,1.3,1.000,0.9,1.1,2.0,5.3,1.1,0.3,1.7,2.0,6.4
342,Admiral Schofield\schofad01,SF,22,WAS,4,0,12.3,1.8,2.5,.700,1.0,1.8,.571,0.8,0.8,1.000,.900,1.0,1.0,1.000,0.5,1.3,1.8,0.3,0.0,0.0,0.0,0.5,5.5
343,Dennis Schröder\schrode01,PG,26,OKC,6,0,28.7,5.8,13.5,.432,1.0,4.0,.250,4.8,9.5,.509,.469,2.3,3.2,.737,1.0,5.0,6.0,4.0,1.3,0.3,2.5,3.3,15.0
344,Mike Scott\scottmi01,PF,31,PHI,5,0,16.4,2.8,5.6,.500,1.4,3.6,.389,1.4,2.0,.700,.625,0.8,0.8,1.000,0.8,2.2,3.0,1.0,0.0,0.0,0.4,2.4,7.8
345,Thabo Sefolosha\sefolth01,SF,35,HOU,5,0,12.6,0.6,2.6,.231,0.4,2.0,.200,0.2,0.6,.333,.308,0.0,0.0,,1.2,2.4,3.6,1.2,0.4,0.4,0.8,1.0,1.6
346,Collin Sexton\sextoco01,PG,21,CLE,6,6,30.3,6.5,15.2,.429,1.7,4.8,.345,4.8,10.3,.468,.484,2.2,3.0,.722,0.7,2.8,3.5,2.0,0.5,0.0,2.0,2.2,16.8
347,Landry Shamet\shamela01,SG,22,LAC,7,7,31.0,3.0,8.3,.362,1.9,5.9,.317,1.1,2.4,.471,.474,1.1,1.1,1.000,0.0,1.4,1.4,2.1,0.4,0.1,1.0,2.9,9.0
348,Pascal Siakam\siakapa01,PF,25,TOR,6,6,33.5,9.7,19.8,.487,2.3,5.5,.424,7.3,14.3,.512,.546,4.3,4.5,.963,1.8,6.7,8.5,3.3,0.7,0.2,3.2,4.5,26.0
349,Chris Silva\silvach01,PF,23,MIA,6,0,9.0,1.3,1.8,.727,0.0,0.0,,1.3,1.8,.727,.727,1.0,1.0,1.000,2.0,1.0,3.0,0.5,0.5,1.2,1.3,2.5,3.7
350,Ben Simmons\simmobe01,PG,23,PHI,5,5,35.4,7.2,13.8,.522,0.0,0.0,,7.2,13.8,.522,.522,2.4,4.6,.522,1.2,5.2,6.4,8.0,2.6,0.6,4.4,3.6,16.8
351,Anfernee Simons\simonan01,SG,20,POR,6,0,16.5,3.5,6.5,.538,1.3,3.2,.421,2.2,3.3,.650,.641,0.5,0.7,.750,0.2,1.2,1.3,0.7,0.7,0.2,1.5,1.5,8.8
352,Marcus Smart\smartma01,SG,25,BOS,5,2,31.6,3.8,10.4,.365,2.2,6.6,.333,1.6,3.8,.421,.471,0.8,1.0,.800,0.8,2.8,3.6,4.8,1.2,0.4,0.8,2.6,10.6
353,Dennis Smith\smithde03,PG,22,NYK,3,0,8.7,0.3,3.7,.091,0.0,1.0,.000,0.3,2.7,.125,.091,0.3,0.7,.500,0.0,0.3,0.3,1.0,0.3,0.3,0.7,2.0,1.0
354,Ish Smith\smithis01,PG,31,WAS,5,5,28.2,3.8,8.8,.432,0.8,2.8,.286,3.0,6.0,.500,.477,0.2,0.8,.250,0.8,2.0,2.8,4.0,0.6,0.4,0.8,2.4,8.6
355,Tony Snell\snellto01,SF,28,DET,7,7,27.1,2.7,6.6,.413,1.7,4.4,.387,1.0,2.1,.467,.543,0.3,0.3,1.000,0.4,1.3,1.7,2.1,0.6,0.3,0.3,1.9,7.4
356,Omari Spellman\spellom01,PF,22,GSW,6,0,16.7,1.7,5.3,.313,0.3,1.5,.222,1.3,3.8,.348,.344,2.2,2.5,.867,2.0,3.5,5.5,0.8,0.8,0.7,1.7,1.5,5.8
357,Edmond Sumner\sumneed01,PG,24,IND,3,2,22.3,3.0,6.0,.500,0.0,1.0,.000,3.0,5.0,.600,.500,1.0,1.7,.600,0.3,0.7,1.0,2.0,1.7,0.3,0.3,3.0,7.0
358,Caleb Swanigan\swanica01,PF,22,SAC,4,0,2.8,0.3,0.5,.500,0.0,0.0,,0.3,0.5,.500,.500,0.3,0.5,.500,0.3,0.8,1.0,0.0,0.3,0.5,0.8,0.8,0.8
359,Jayson Tatum\tatumja01,PF,21,BOS,5,5,35.6,8.0,20.0,.400,3.6,7.4,.486,4.4,12.6,.349,.490,2.4,3.2,.750,1.6,6.0,7.6,2.2,1.6,0.6,1.8,2.8,22.0
360,Jeff Teague\teaguje01,PG,31,MIN,5,5,28.0,4.6,9.0,.511,1.0,3.0,.333,3.6,6.0,.600,.567,3.6,4.2,.857,0.0,2.2,2.2,7.0,1.4,0.0,2.4,2.2,13.8
361,Garrett Temple\templga01,SG,33,BRK,6,0,20.0,2.2,5.0,.433,1.0,3.2,.316,1.2,1.8,.636,.533,0.8,1.0,.833,0.3,2.3,2.7,1.3,1.5,0.5,0.7,1.3,6.2
362,Daniel Theis\theisda01,C,27,BOS,4,3,20.0,1.8,4.8,.368,0.3,1.3,.200,1.5,3.5,.429,.395,1.3,1.8,.714,1.5,4.5,6.0,0.5,0.0,2.0,0.5,2.5,5.0
363,Isaiah Thomas\thomais02,PG,30,WAS,3,0,21.0,6.0,13.0,.462,2.7,6.7,.400,3.3,6.3,.526,.564,1.7,1.7,1.000,0.3,2.7,3.0,7.3,0.3,0.3,3.3,2.3,16.3
364,Matt Thomas\thomama02,SG,25,TOR,3,0,10.0,1.3,2.0,.667,1.0,1.7,.600,0.3,0.3,1.000,.917,0.0,0.0,,0.0,1.0,1.0,0.0,0.3,0.0,0.3,0.7,3.7
365,Tristan Thompson\thomptr01,C,28,CLE,6,6,33.2,7.5,13.7,.549,0.2,0.3,.500,7.3,13.3,.550,.555,1.3,3.0,.444,4.0,7.5,11.5,2.5,0.5,1.7,0.3,2.7,16.5
366,Matisse Thybulle\thybuma01,SG,22,PHI,5,2,20.6,1.2,5.2,.231,1.0,3.8,.263,0.2,1.4,.143,.327,1.2,1.6,.750,0.4,1.0,1.4,1.4,2.8,1.4,2.2,3.0,4.6
367,Anthony Tolliver\tollian01,PF,34,POR,6,3,18.3,0.8,3.2,.263,0.7,2.5,.267,0.2,0.7,.250,.368,0.8,1.0,.833,0.3,2.8,3.2,1.0,0.3,0.3,0.5,1.2,3.2
368,Karl-Anthony Towns\townska01,C,24,MIN,4,4,31.0,9.3,17.0,.544,4.5,8.5,.529,4.8,8.5,.559,.676,4.3,6.8,.630,2.0,9.5,11.5,4.0,2.5,1.8,2.5,2.8,27.3
369,Gary Trent\trentga02,SG,21,POR,3,0,3.7,0.0,0.0,,0.0,0.0,,0.0,0.0,,,0.0,0.0,,0.0,0.3,0.3,0.0,0.0,0.0,0.0,0.7,0.0
370,Allonzo Trier\trieral01,SG,24,NYK,4,1,18.8,2.3,5.8,.391,1.3,3.5,.357,1.0,2.3,.444,.500,3.0,4.3,.706,0.3,1.8,2.0,1.8,0.3,0.5,2.3,2.8,8.8
371,P.J. Tucker\tuckepj01,PF,34,HOU,6,6,33.8,4.2,7.8,.532,2.7,5.3,.500,1.5,2.5,.600,.702,0.7,0.7,1.000,1.7,5.0,6.7,1.7,1.5,0.5,1.0,3.7,11.7
372,Evan Turner\turneev01,PG,31,ATL,3,0,11.3,1.3,2.3,.571,0.0,0.3,.000,1.3,2.0,.667,.571,1.3,1.7,.800,0.0,1.0,1.0,2.3,1.0,0.0,0.7,0.7,4.0
373,Myles Turner\turnemy01,C,23,IND,4,4,31.5,5.5,10.0,.550,2.0,3.8,.533,3.5,6.3,.560,.650,1.8,2.3,.778,2.3,4.5,6.8,0.5,0.5,1.3,1.8,2.0,14.8
374,Jonas Valančiūnas\valanjo01,C,27,MEM,5,5,20.2,4.6,9.4,.489,0.8,2.0,.400,3.8,7.4,.514,.532,2.0,2.2,.909,2.2,6.4,8.6,1.8,0.4,0.6,2.0,2.6,12.0
375,Denzel Valentine\valende01,SG,26,CHI,1,0,5.0,1.0,4.0,.250,1.0,2.0,.500,0.0,2.0,.000,.375,0.0,0.0,,1.0,0.0,1.0,0.0,0.0,0.0,0.0,0.0,3.0
376,Jarred Vanderbilt\vandeja01,PF,20,DEN,1,0,5.0,0.0,0.0,,0.0,0.0,,0.0,0.0,,,0.0,0.0,,0.0,1.0,1.0,1.0,0.0,0.0,0.0,0.0,0.0
377,Fred VanVleet\vanvlfr01,SG,25,TOR,6,6,37.8,4.8,12.7,.382,2.3,5.8,.400,2.5,6.8,.366,.474,4.2,4.3,.962,0.2,4.2,4.3,7.2,1.2,0.2,2.3,2.5,16.2
378,Noah Vonleh\vonleno01,C,24,MIN,5,0,14.0,2.2,3.2,.688,0.0,0.6,.000,2.2,2.6,.846,.688,0.6,0.6,1.000,0.8,3.0,3.8,0.6,0.8,0.2,0.8,1.6,5.0
379,Nikola Vučević\vucevni01,C,29,ORL,6,6,30.5,6.7,15.5,.430,0.8,3.8,.217,5.8,11.7,.500,.457,2.7,3.0,.889,2.5,7.3,9.8,2.3,0.8,0.7,1.3,2.0,16.8
380,Moritz Wagner\wagnemo01,C,22,WAS,5,0,18.6,4.6,7.2,.639,1.0,2.4,.417,3.6,4.8,.750,.708,1.4,1.8,.778,1.2,3.4,4.6,0.4,0.6,0.8,3.4,3.4,11.6
381,Kemba Walker\walkeke02,PG,29,BOS,5,5,35.0,7.6,19.0,.400,3.4,9.2,.370,4.2,9.8,.429,.489,7.6,8.2,.927,1.8,3.4,5.2,3.8,1.0,0.4,2.2,2.2,26.2
382,Lonnie Walker\walkelo01,SG,21,SAS,3,0,4.0,0.3,1.0,.333,0.0,0.3,.000,0.3,0.7,.500,.333,0.3,0.7,.500,0.0,1.3,1.3,0.0,0.0,0.0,0.0,1.0,1.0
383,Tyrone Wallace\wallaty01,SG,25,ATL,2,0,17.0,3.5,6.0,.583,0.0,1.0,.000,3.5,5.0,.700,.583,2.0,3.0,.667,1.0,2.0,3.0,2.0,0.5,0.0,1.5,2.0,9.0
384,Taurean Waller-Prince\princta02,SF,25,BRK,6,6,33.2,5.3,12.0,.444,3.3,7.5,.444,2.0,4.5,.444,.583,1.5,2.3,.643,0.8,5.5,6.3,1.3,1.0,0.7,2.0,2.7,15.5
385,Derrick Walton\waltode01,PG,24,LAC,2,0,1.5,0.0,0.0,,0.0,0.0,,0.0,0.0,,,0.0,0.0,,0.0,0.0,0.0,0.0,0.0,0.0,0.0,0.0,0.0
386,Brad Wanamaker\wanambr01,PG,30,BOS,5,0,8.0,0.8,1.8,.444,0.0,0.2,.000,0.8,1.6,.500,.444,0.6,0.6,1.000,0.2,1.4,1.6,1.2,0.4,0.2,0.8,1.0,2.2
387,T.J. Warren\warretj01,SF,26,IND,6,6,34.5,6.5,14.8,.438,0.3,2.7,.125,6.2,12.2,.507,.449,1.7,2.3,.714,0.8,2.3,3.2,0.8,1.5,0.2,1.0,3.2,15.0
388,PJ Washington\washipj01,PF,21,CHO,6,6,33.7,5.7,10.2,.557,2.3,4.7,.500,3.3,5.5,.606,.672,1.3,2.2,.615,1.0,5.7,6.7,1.2,1.2,0.5,2.2,2.8,15.0
389,Russell Westbrook\westbru01,PG,31,HOU,6,6,33.2,7.8,17.0,.461,1.2,4.7,.250,6.7,12.3,.541,.495,4.3,6.5,.667,2.2,7.7,9.8,9.2,1.8,0.7,4.2,2.8,21.2
390,Coby White\whiteco01,PG,19,CHI,7,0,22.7,4.0,11.1,.359,1.3,4.9,.265,2.7,6.3,.432,.417,1.1,1.6,.727,0.3,3.0,3.3,2.3,0.6,0.0,1.3,1.0,10.4
391,Derrick White\whitede01,PG,25,SAS,6,1,23.7,4.8,8.7,.558,1.0,2.0,.500,3.8,6.7,.575,.615,3.0,3.7,.818,1.0,2.2,3.2,1.8,0.5,0.5,0.8,3.2,13.7
392,Hassan Whiteside\whiteha01,C,30,POR,5,5,25.4,5.0,7.8,.641,0.0,0.0,,5.0,7.8,.641,.641,2.8,3.6,.778,3.0,9.2,12.2,0.8,0.6,1.2,2.6,3.8,12.8
393,Andrew Wiggins\wiggian01,SF,24,MIN,5,5,32.8,7.6,18.0,.422,1.8,6.4,.281,5.8,11.6,.500,.472,3.4,4.2,.810,1.8,3.8,5.6,2.0,0.4,0.6,1.4,1.8,20.4
394,Grant Williams\willigr01,PF,21,BOS,5,0,18.0,1.6,4.4,.364,0.0,1.6,.000,1.6,2.8,.571,.364,1.4,1.8,.778,1.4,1.6,3.0,1.2,0.8,0.6,0.8,1.8,4.6
395,Kenrich Williams\willike04,PF,25,NOP,6,0,20.2,1.8,4.5,.407,1.0,2.8,.353,0.8,1.7,.500,.519,0.8,1.5,.556,1.5,2.8,4.3,1.7,1.0,0.7,0.5,2.8,5.5
396,Lou Williams\willilo02,SG,33,LAC,7,1,30.7,6.7,16.1,.416,1.4,4.4,.323,5.3,11.7,.451,.460,5.4,6.9,.792,0.4,3.0,3.4,4.7,0.4,0.0,2.6,1.1,20.3
397,Marvin Williams\willima02,PF,33,CHO,6,0,18.0,2.7,5.2,.516,1.7,3.5,.476,1.0,1.7,.600,.677,0.7,0.8,.800,0.5,1.5,2.0,0.7,0.5,0.0,0.5,1.5,7.7
398,Robert Williams\williro04,C,22,BOS,4,1,15.3,2.0,3.0,.667,0.0,0.0,,2.0,3.0,.667,.667,0.3,0.5,.500,1.3,3.8,5.0,2.0,1.3,1.0,0.5,3.0,4.3
399,Nigel Williams-Goss\willini01,PG,25,UTA,3,0,2.3,0.0,0.3,.000,0.0,0.3,.000,0.0,0.0,,.000,0.0,0.0,,0.0,0.0,0.0,0.3,0.0,0.0,0.3,0.3,0.0
400,D.J. Wilson\wilsodj01,PF,23,MIL,2,0,4.0,0.5,2.0,.250,0.5,1.5,.333,0.0,0.5,.000,.375,0.0,0.0,,0.0,1.0,1.0,0.5,0.0,0.0,0.0,0.5,1.5
401,Justise Winslow\winslju01,SF,23,MIA,4,4,37.8,5.8,15.3,.377,0.8,2.5,.300,5.0,12.8,.392,.402,2.5,4.3,.588,2.0,6.5,8.5,5.8,1.3,0.8,3.5,3.3,14.8
402,Christian Wood\woodch01,PF,24,DET,6,0,13.7,2.8,4.3,.654,0.8,1.7,.500,2.0,2.7,.750,.750,1.5,2.3,.643,1.0,2.7,3.7,0.0,0.0,0.7,1.0,0.3,8.0
403,Delon Wright\wrighde01,SG,27,DAL,6,2,25.5,4.2,6.8,.610,1.0,1.7,.600,3.2,5.2,.613,.683,1.5,1.7,.900,0.3,3.2,3.5,4.2,1.7,0.0,0.7,1.3,10.8
404,Thaddeus Young\youngth01,PF,31,CHI,7,0,23.1,4.7,10.0,.471,1.6,4.4,.355,3.1,5.6,.564,.550,0.1,0.6,.250,0.7,3.0,3.7,1.4,1.3,0.3,1.3,1.4,11.1
405,Trae Young\youngtr01,PG,21,ATL,4,4,29.8,9.0,17.8,.507,3.5,7.0,.500,5.5,10.8,.512,.606,5.3,6.5,.808,0.5,4.5,5.0,7.3,1.0,0.0,5.0,1.3,26.8
406,Cody Zeller\zelleco01,C,27,CHO,5,5,29.0,5.8,11.0,.527,0.8,2.4,.333,5.0,8.6,.581,.564,1.6,2.4,.667,4.8,7.6,12.4,1.6,0.6,0.6,1.6,2.8,14.0
407,Ivica Zubac\zubaciv01,C,22,LAC,7,7,16.6,3.1,4.4,.710,0.0,0.0,,3.1,4.4,.710,.710,2.7,3.1,.864,1.6,4.7,6.3,0.6,0.1,1.6,1.1,2.0,9.0